region,admin,env_variable,start_year,end_year,env_slope,env_p_value,trend,significance,n_year,cor_ts,lm_p_value,CB3_env_corr_summary,cb_slope,cb_p_value,cb_r^2,CB3_trend_summary
East,Donghae,COD_b_adj,2014.000,2024.000,0.072,0.000,increasing,significant,5.000,0.289,0.638,positive (not_significant),0.030,0.675,0.067,increasing (not_significant)
East,Donghae,Chla_b_adj,2014.000,2024.000,0.059,0.204,increasing,not_significant,5.000,0.414,0.488,positive (not_significant),0.030,0.675,0.067,increasing (not_significant)
East,Donghae,DIN_b_adj,2014.000,2024.000,5.475,0.031,increasing,significant,5.000,0.003,0.997,positive (not_significant),0.030,0.675,0.067,increasing (not_significant)
East,Donghae,DIP_b_adj,2014.000,2024.000,0.839,0.037,increasing,significant,5.000,0.033,0.957,positive (not_significant),0.030,0.675,0.067,increasing (not_significant)
East,Donghae,DO_b_adj,2014.000,2024.000,-0.091,0.075,decreasing,marginal,5.000,0.288,0.639,positive (not_significant),0.030,0.675,0.067,increasing (not_significant)
East,Donghae,NH3-N_b_adj,2014.000,2024.000,0.231,0.548,increasing,not_significant,5.000,0.064,0.919,positive (not_significant),0.030,0.675,0.067,increasing (not_significant)
East,Donghae,NO2-_b_adj,2014.000,2024.000,0.095,0.246,increasing,not_significant,5.000,-0.603,0.282,negative (not_significant),0.030,0.675,0.067,increasing (not_significant)
East,Donghae,NO3-_b_adj,2014.000,2024.000,5.198,0.040,increasing,significant,5.000,0.020,0.975,positive (not_significant),0.030,0.675,0.067,increasing (not_significant)
East,Donghae,SAS_b_adj,2014.000,2024.000,11.187,0.051,increasing,marginal,5.000,-0.156,0.802,negative (not_significant),0.030,0.675,0.067,increasing (not_significant)
East,Donghae,SS_b_adj,2014.000,2024.000,0.241,0.015,increasing,significant,5.000,0.109,0.861,positive (not_significant),0.030,0.675,0.067,increasing (not_significant)
East,Donghae,TN_b_adj,2014.000,2024.000,-6.166,0.017,decreasing,significant,5.000,0.272,0.658,positive (not_significant),0.030,0.675,0.067,increasing (not_significant)
East,Donghae,TP_b_adj,2014.000,2024.000,0.860,0.027,increasing,significant,5.000,0.018,0.977,positive (not_significant),0.030,0.675,0.067,increasing (not_significant)
East,Donghae,pH_b_adj,2014.000,2024.000,-0.008,0.081,decreasing,marginal,5.000,-0.547,0.340,negative (not_significant),0.030,0.675,0.067,increasing (not_significant)
East,Donghae,salinity_b_adj,2014.000,2024.000,-0.015,0.325,decreasing,not_significant,5.000,-0.317,0.604,negative (not_significant),0.030,0.675,0.067,increasing (not_significant)
East,Donghae,temp_b_adj,2014.000,2024.000,0.230,0.230,increasing,not_significant,5.000,-0.659,0.226,negative (not_significant),0.030,0.675,0.067,increasing (not_significant)
East,Gangneung,COD_b_adj,2014.000,2024.000,0.076,0.001,increasing,significant,5.000,0.159,0.798,positive (not_significant),0.012,0.802,0.024,increasing (not_significant)
East,Gangneung,Chla_b_adj,2014.000,2024.000,-0.021,0.659,decreasing,not_significant,5.000,-0.166,0.790,negative (not_significant),0.012,0.802,0.024,increasing (not_significant)
East,Gangneung,DIN_b_adj,2014.000,2024.000,4.885,0.023,increasing,significant,5.000,-0.126,0.840,negative (not_significant),0.012,0.802,0.024,increasing (not_significant)
East,Gangneung,DIP_b_adj,2014.000,2024.000,0.666,0.045,increasing,significant,5.000,-0.302,0.621,negative (not_significant),0.012,0.802,0.024,increasing (not_significant)
East,Gangneung,DO_b_adj,2014.000,2024.000,-0.082,0.066,decreasing,marginal,5.000,0.650,0.235,positive (not_significant),0.012,0.802,0.024,increasing (not_significant)
East,Gangneung,NH3-N_b_adj,2014.000,2024.000,0.509,0.122,increasing,not_significant,5.000,0.043,0.946,positive (not_significant),0.012,0.802,0.024,increasing (not_significant)
East,Gangneung,NO2-_b_adj,2014.000,2024.000,0.181,0.059,increasing,marginal,5.000,-0.330,0.588,negative (not_significant),0.012,0.802,0.024,increasing (not_significant)
East,Gangneung,NO3-_b_adj,2014.000,2024.000,4.225,0.035,increasing,significant,5.000,-0.137,0.826,negative (not_significant),0.012,0.802,0.024,increasing (not_significant)
East,Gangneung,SAS_b_adj,2014.000,2024.000,9.373,0.049,increasing,significant,5.000,-0.289,0.638,negative (not_significant),0.012,0.802,0.024,increasing (not_significant)
East,Gangneung,SS_b_adj,2014.000,2024.000,0.288,0.026,increasing,significant,5.000,0.065,0.917,positive (not_significant),0.012,0.802,0.024,increasing (not_significant)
East,Gangneung,TN_b_adj,2014.000,2024.000,-4.953,0.012,decreasing,significant,5.000,0.507,0.383,positive (not_significant),0.012,0.802,0.024,increasing (not_significant)
East,Gangneung,TP_b_adj,2014.000,2024.000,0.718,0.040,increasing,significant,5.000,-0.213,0.731,negative (not_significant),0.012,0.802,0.024,increasing (not_significant)
East,Gangneung,pH_b_adj,2014.000,2024.000,-0.003,0.350,decreasing,not_significant,5.000,-0.270,0.660,negative (not_significant),0.012,0.802,0.024,increasing (not_significant)
East,Gangneung,salinity_b_adj,2014.000,2024.000,-0.014,0.513,decreasing,not_significant,5.000,-0.047,0.940,negative (not_significant),0.012,0.802,0.024,increasing (not_significant)
East,Gangneung,temp_b_adj,2014.000,2024.000,0.127,0.561,increasing,not_significant,5.000,-0.822,0.088,negative (marginal),0.012,0.802,0.024,increasing (not_significant)
East,Gosung,COD_b_adj,2014.000,2024.000,0.059,0.016,increasing,significant,3.000,-0.166,0.894,negative (not_significant),-0.116,0.367,0.703,decreasing (not_significant)
East,Gosung,Chla_b_adj,2014.000,2024.000,0.035,0.434,increasing,not_significant,3.000,0.187,0.880,positive (not_significant),-0.116,0.367,0.703,decreasing (not_significant)
East,Gosung,DIN_b_adj,2014.000,2024.000,-1.654,0.315,decreasing,not_significant,3.000,-0.137,0.912,negative (not_significant),-0.116,0.367,0.703,decreasing (not_significant)
East,Gosung,DIP_b_adj,2014.000,2024.000,-0.307,0.270,decreasing,not_significant,3.000,0.045,0.971,positive (not_significant),-0.116,0.367,0.703,decreasing (not_significant)
East,Gosung,DO_b_adj,2014.000,2024.000,-0.005,0.929,decreasing,not_significant,3.000,-0.569,0.615,negative (not_significant),-0.116,0.367,0.703,decreasing (not_significant)
East,Gosung,NH3-N_b_adj,2014.000,2024.000,-0.213,0.484,decreasing,not_significant,3.000,0.000,1.000,positive (not_significant),-0.116,0.367,0.703,decreasing (not_significant)
East,Gosung,NO2-_b_adj,2014.000,2024.000,-0.038,0.596,decreasing,not_significant,3.000,-0.541,0.636,negative (not_significant),-0.116,0.367,0.703,decreasing (not_significant)
East,Gosung,NO3-_b_adj,2014.000,2024.000,-1.400,0.367,decreasing,not_significant,3.000,-0.083,0.947,negative (not_significant),-0.116,0.367,0.703,decreasing (not_significant)
East,Gosung,SAS_b_adj,2014.000,2024.000,-4.863,0.270,decreasing,not_significant,3.000,-0.360,0.765,negative (not_significant),-0.116,0.367,0.703,decreasing (not_significant)
East,Gosung,SS_b_adj,2014.000,2024.000,-0.361,0.090,decreasing,marginal,3.000,0.807,0.402,positive (not_significant),-0.116,0.367,0.703,decreasing (not_significant)
East,Gosung,TN_b_adj,2014.000,2024.000,-3.959,0.028,decreasing,significant,3.000,0.877,0.320,positive (not_significant),-0.116,0.367,0.703,decreasing (not_significant)
East,Gosung,TP_b_adj,2014.000,2024.000,-0.187,0.515,decreasing,not_significant,3.000,0.108,0.931,positive (not_significant),-0.116,0.367,0.703,decreasing (not_significant)
East,Gosung,pH_b_adj,2014.000,2024.000,0.000,0.988,increasing,not_significant,3.000,0.504,0.664,positive (not_significant),-0.116,0.367,0.703,decreasing (not_significant)
East,Gosung,salinity_b_adj,2014.000,2024.000,-0.025,0.355,decreasing,not_significant,3.000,0.803,0.406,positive (not_significant),-0.116,0.367,0.703,decreasing (not_significant)
East,Gosung,temp_b_adj,2014.000,2024.000,0.200,0.513,increasing,not_significant,3.000,0.928,0.243,positive (not_significant),-0.116,0.367,0.703,decreasing (not_significant)
East,Pohang,COD_b_adj,2014.000,2024.000,0.021,0.336,increasing,not_significant,5.000,-0.441,0.457,negative (not_significant),-0.696,0.040,0.802,decreasing (significant)
East,Pohang,Chla_b_adj,2014.000,2024.000,0.118,0.029,increasing,significant,5.000,-0.351,0.562,negative (not_significant),-0.696,0.040,0.802,decreasing (significant)
East,Pohang,DIN_b_adj,2014.000,2024.000,-0.308,0.891,decreasing,not_significant,5.000,0.379,0.530,positive (not_significant),-0.696,0.040,0.802,decreasing (significant)
East,Pohang,DIP_b_adj,2014.000,2024.000,0.315,0.331,increasing,not_significant,5.000,-0.044,0.944,negative (not_significant),-0.696,0.040,0.802,decreasing (significant)
East,Pohang,DO_b_adj,2014.000,2024.000,0.014,0.729,increasing,not_significant,5.000,-0.462,0.434,negative (not_significant),-0.696,0.040,0.802,decreasing (significant)
East,Pohang,NH3-N_b_adj,2014.000,2024.000,0.521,0.053,increasing,marginal,5.000,-0.714,0.175,negative (not_significant),-0.696,0.040,0.802,decreasing (significant)
East,Pohang,NO2-_b_adj,2014.000,2024.000,0.035,0.792,increasing,not_significant,5.000,-0.722,0.169,negative (not_significant),-0.696,0.040,0.802,decreasing (significant)
East,Pohang,NO3-_b_adj,2014.000,2024.000,-0.949,0.647,decreasing,not_significant,5.000,0.591,0.294,positive (not_significant),-0.696,0.040,0.802,decreasing (significant)
East,Pohang,SAS_b_adj,2014.000,2024.000,1.255,0.860,increasing,not_significant,5.000,0.447,0.451,positive (not_significant),-0.696,0.040,0.802,decreasing (significant)
East,Pohang,SS_b_adj,2014.000,2024.000,0.306,0.019,increasing,significant,5.000,-0.722,0.169,negative (not_significant),-0.696,0.040,0.802,decreasing (significant)
East,Pohang,TN_b_adj,2014.000,2024.000,-12.452,0.000,decreasing,significant,5.000,0.474,0.420,positive (not_significant),-0.696,0.040,0.802,decreasing (significant)
East,Pohang,TP_b_adj,2014.000,2024.000,0.111,0.723,increasing,not_significant,5.000,0.446,0.451,positive (not_significant),-0.696,0.040,0.802,decreasing (significant)
East,Pohang,pH_b_adj,2014.000,2024.000,-0.005,0.260,decreasing,not_significant,5.000,0.897,0.039,positive (significant),-0.696,0.040,0.802,decreasing (significant)
East,Pohang,salinity_b_adj,2014.000,2024.000,0.247,0.196,increasing,not_significant,5.000,-0.482,0.411,negative (not_significant),-0.696,0.040,0.802,decreasing (significant)
East,Pohang,temp_b_adj,2014.000,2024.000,0.175,0.446,increasing,not_significant,5.000,-0.459,0.437,negative (not_significant),-0.696,0.040,0.802,decreasing (significant)
East,Samchuk,COD_b_adj,2014.000,2024.000,0.065,0.016,increasing,significant,5.000,-0.455,0.441,negative (not_significant),-0.155,0.167,0.523,decreasing (not_significant)
East,Samchuk,Chla_b_adj,2014.000,2024.000,0.039,0.512,increasing,not_significant,5.000,0.541,0.346,positive (not_significant),-0.155,0.167,0.523,decreasing (not_significant)
East,Samchuk,DIN_b_adj,2014.000,2024.000,4.922,0.039,increasing,significant,5.000,-0.703,0.186,negative (not_significant),-0.155,0.167,0.523,decreasing (not_significant)
East,Samchuk,DIP_b_adj,2014.000,2024.000,0.549,0.141,increasing,not_significant,5.000,-0.588,0.297,negative (not_significant),-0.155,0.167,0.523,decreasing (not_significant)
East,Samchuk,DO_b_adj,2014.000,2024.000,-0.074,0.121,decreasing,not_significant,5.000,0.461,0.434,positive (not_significant),-0.155,0.167,0.523,decreasing (not_significant)
East,Samchuk,NH3-N_b_adj,2014.000,2024.000,0.019,0.940,increasing,not_significant,5.000,0.305,0.618,positive (not_significant),-0.155,0.167,0.523,decreasing (not_significant)
East,Samchuk,NO2-_b_adj,2014.000,2024.000,0.053,0.544,increasing,not_significant,5.000,-0.795,0.108,negative (not_significant),-0.155,0.167,0.523,decreasing (not_significant)
East,Samchuk,NO3-_b_adj,2014.000,2024.000,4.575,0.050,increasing,significant,5.000,-0.675,0.211,negative (not_significant),-0.155,0.167,0.523,decreasing (not_significant)
East,Samchuk,SAS_b_adj,2014.000,2024.000,10.265,0.079,increasing,marginal,5.000,-0.782,0.118,negative (not_significant),-0.155,0.167,0.523,decreasing (not_significant)
East,Samchuk,SS_b_adj,2014.000,2024.000,0.125,0.357,increasing,not_significant,5.000,-0.869,0.056,negative (marginal),-0.155,0.167,0.523,decreasing (not_significant)
East,Samchuk,TN_b_adj,2014.000,2024.000,-2.989,0.230,decreasing,not_significant,5.000,-0.375,0.534,negative (not_significant),-0.155,0.167,0.523,decreasing (not_significant)
East,Samchuk,TP_b_adj,2014.000,2024.000,0.685,0.067,increasing,marginal,5.000,-0.626,0.259,negative (not_significant),-0.155,0.167,0.523,decreasing (not_significant)
East,Samchuk,pH_b_adj,2014.000,2024.000,-0.004,0.304,decreasing,not_significant,5.000,0.751,0.144,positive (not_significant),-0.155,0.167,0.523,decreasing (not_significant)
East,Samchuk,salinity_b_adj,2014.000,2024.000,0.002,0.933,increasing,not_significant,5.000,-0.318,0.602,negative (not_significant),-0.155,0.167,0.523,decreasing (not_significant)
East,Samchuk,temp_b_adj,2014.000,2024.000,-0.059,0.780,decreasing,not_significant,5.000,0.780,0.120,positive (not_significant),-0.155,0.167,0.523,decreasing (not_significant)
East,Sokcho,COD_b_adj,2014.000,2022.000,0.092,0.000,increasing,significant,4.000,0.931,0.069,positive (marginal),0.057,0.090,0.828,increasing (marginal)
East,Sokcho,Chla_b_adj,2014.000,2022.000,0.051,0.217,increasing,not_significant,4.000,0.585,0.415,positive (not_significant),0.057,0.090,0.828,increasing (marginal)
East,Sokcho,DIN_b_adj,2014.000,2022.000,2.496,0.318,increasing,not_significant,4.000,0.256,0.744,positive (not_significant),0.057,0.090,0.828,increasing (marginal)
East,Sokcho,DIP_b_adj,2014.000,2022.000,0.212,0.562,increasing,not_significant,4.000,0.078,0.922,positive (not_significant),0.057,0.090,0.828,increasing (marginal)
East,Sokcho,DO_b_adj,2014.000,2022.000,-0.044,0.392,decreasing,not_significant,4.000,-0.173,0.827,negative (not_significant),0.057,0.090,0.828,increasing (marginal)
East,Sokcho,NH3-N_b_adj,2014.000,2022.000,0.598,0.062,increasing,marginal,4.000,0.939,0.061,positive (marginal),0.057,0.090,0.828,increasing (marginal)
East,Sokcho,NO2-_b_adj,2014.000,2022.000,0.110,0.244,increasing,not_significant,4.000,-0.218,0.782,negative (not_significant),0.057,0.090,0.828,increasing (marginal)
East,Sokcho,NO3-_b_adj,2014.000,2022.000,0.965,0.647,increasing,not_significant,4.000,0.020,0.980,positive (not_significant),0.057,0.090,0.828,increasing (marginal)
East,Sokcho,SAS_b_adj,2014.000,2022.000,1.424,0.772,increasing,not_significant,4.000,-0.182,0.818,negative (not_significant),0.057,0.090,0.828,increasing (marginal)
East,Sokcho,SS_b_adj,2014.000,2022.000,0.204,0.145,increasing,not_significant,4.000,-0.020,0.980,negative (not_significant),0.057,0.090,0.828,increasing (marginal)
East,Sokcho,TN_b_adj,2014.000,2022.000,-5.735,0.025,decreasing,significant,4.000,-0.606,0.394,negative (not_significant),0.057,0.090,0.828,increasing (marginal)
East,Sokcho,TP_b_adj,2014.000,2022.000,0.092,0.788,increasing,not_significant,4.000,0.471,0.529,positive (not_significant),0.057,0.090,0.828,increasing (marginal)
East,Sokcho,pH_b_adj,2014.000,2022.000,-0.003,0.587,decreasing,not_significant,4.000,-0.721,0.279,negative (not_significant),0.057,0.090,0.828,increasing (marginal)
East,Sokcho,salinity_b_adj,2014.000,2022.000,-0.013,0.445,decreasing,not_significant,4.000,-0.339,0.661,negative (not_significant),0.057,0.090,0.828,increasing (marginal)
East,Sokcho,temp_b_adj,2014.000,2022.000,0.188,0.412,increasing,not_significant,4.000,-0.794,0.206,negative (not_significant),0.057,0.090,0.828,increasing (marginal)
East,Uljin,COD_b_adj,2014.000,2024.000,0.062,0.016,increasing,significant,5.000,-0.024,0.969,negative (not_significant),-0.264,0.201,0.471,decreasing (not_significant)
East,Uljin,Chla_b_adj,2014.000,2024.000,0.046,0.280,increasing,not_significant,5.000,0.132,0.832,positive (not_significant),-0.264,0.201,0.471,decreasing (not_significant)
East,Uljin,DIN_b_adj,2014.000,2024.000,5.173,0.016,increasing,significant,5.000,-0.457,0.439,negative (not_significant),-0.264,0.201,0.471,decreasing (not_significant)
East,Uljin,DIP_b_adj,2014.000,2024.000,0.687,0.034,increasing,significant,5.000,-0.378,0.531,negative (not_significant),-0.264,0.201,0.471,decreasing (not_significant)
East,Uljin,DO_b_adj,2014.000,2024.000,-0.082,0.064,decreasing,marginal,5.000,0.243,0.693,positive (not_significant),-0.264,0.201,0.471,decreasing (not_significant)
East,Uljin,NH3-N_b_adj,2014.000,2024.000,0.008,0.975,increasing,not_significant,5.000,0.271,0.659,positive (not_significant),-0.264,0.201,0.471,decreasing (not_significant)
East,Uljin,NO2-_b_adj,2014.000,2024.000,0.050,0.550,increasing,not_significant,5.000,-0.600,0.285,negative (not_significant),-0.264,0.201,0.471,decreasing (not_significant)
East,Uljin,NO3-_b_adj,2014.000,2024.000,4.986,0.017,increasing,significant,5.000,-0.451,0.446,negative (not_significant),-0.264,0.201,0.471,decreasing (not_significant)
East,Uljin,SAS_b_adj,2014.000,2024.000,13.920,0.007,increasing,significant,5.000,-0.540,0.347,negative (not_significant),-0.264,0.201,0.471,decreasing (not_significant)
East,Uljin,SS_b_adj,2014.000,2024.000,0.135,0.340,increasing,not_significant,5.000,-0.762,0.135,negative (not_significant),-0.264,0.201,0.471,decreasing (not_significant)
East,Uljin,TN_b_adj,2014.000,2024.000,-2.605,0.260,decreasing,not_significant,5.000,0.095,0.879,positive (not_significant),-0.264,0.201,0.471,decreasing (not_significant)
East,Uljin,TP_b_adj,2014.000,2024.000,0.747,0.014,increasing,significant,5.000,-0.191,0.759,negative (not_significant),-0.264,0.201,0.471,decreasing (not_significant)
East,Uljin,pH_b_adj,2014.000,2024.000,-0.006,0.135,decreasing,not_significant,5.000,0.549,0.338,positive (not_significant),-0.264,0.201,0.471,decreasing (not_significant)
East,Uljin,salinity_b_adj,2014.000,2024.000,-0.009,0.522,decreasing,not_significant,5.000,0.467,0.428,positive (not_significant),-0.264,0.201,0.471,decreasing (not_significant)
East,Uljin,temp_b_adj,2014.000,2024.000,0.108,0.493,increasing,not_significant,5.000,0.388,0.519,positive (not_significant),-0.264,0.201,0.471,decreasing (not_significant)
East,YangYang,COD_b_adj,2014.000,2024.000,0.088,0.003,increasing,significant,5.000,-0.700,0.188,negative (not_significant),-0.101,0.126,0.596,decreasing (not_significant)
East,YangYang,Chla_b_adj,2014.000,2024.000,0.031,0.523,increasing,not_significant,5.000,0.302,0.621,positive (not_significant),-0.101,0.126,0.596,decreasing (not_significant)
East,YangYang,DIN_b_adj,2014.000,2024.000,3.449,0.240,increasing,not_significant,5.000,-0.901,0.037,negative (significant),-0.101,0.126,0.596,decreasing (not_significant)
East,YangYang,DIP_b_adj,2014.000,2024.000,0.585,0.249,increasing,not_significant,5.000,-0.879,0.050,negative (significant),-0.101,0.126,0.596,decreasing (not_significant)
East,YangYang,DO_b_adj,2014.000,2024.000,-0.036,0.506,decreasing,not_significant,5.000,0.315,0.606,positive (not_significant),-0.101,0.126,0.596,decreasing (not_significant)
East,YangYang,NH3-N_b_adj,2014.000,2024.000,0.295,0.411,increasing,not_significant,5.000,-0.753,0.142,negative (not_significant),-0.101,0.126,0.596,decreasing (not_significant)
East,YangYang,NO2-_b_adj,2014.000,2024.000,0.072,0.371,increasing,not_significant,5.000,-0.807,0.099,negative (marginal),-0.101,0.126,0.596,decreasing (not_significant)
East,YangYang,NO3-_b_adj,2014.000,2024.000,3.412,0.238,increasing,not_significant,5.000,-0.899,0.038,negative (significant),-0.101,0.126,0.596,decreasing (not_significant)
East,YangYang,SAS_b_adj,2014.000,2024.000,6.616,0.320,increasing,not_significant,5.000,-0.734,0.158,negative (not_significant),-0.101,0.126,0.596,decreasing (not_significant)
East,YangYang,SS_b_adj,2014.000,2024.000,0.148,0.140,increasing,not_significant,5.000,-0.760,0.136,negative (not_significant),-0.101,0.126,0.596,decreasing (not_significant)
East,YangYang,TN_b_adj,2014.000,2024.000,-3.077,0.337,decreasing,not_significant,5.000,0.290,0.637,positive (not_significant),-0.101,0.126,0.596,decreasing (not_significant)
East,YangYang,TP_b_adj,2014.000,2024.000,0.770,0.106,increasing,not_significant,5.000,-0.710,0.179,negative (not_significant),-0.101,0.126,0.596,decreasing (not_significant)
East,YangYang,pH_b_adj,2014.000,2024.000,-0.004,0.460,decreasing,not_significant,5.000,0.633,0.251,positive (not_significant),-0.101,0.126,0.596,decreasing (not_significant)
East,YangYang,salinity_b_adj,2014.000,2024.000,0.015,0.385,increasing,not_significant,5.000,-0.074,0.906,negative (not_significant),-0.101,0.126,0.596,decreasing (not_significant)
East,YangYang,temp_b_adj,2014.000,2024.000,-0.029,0.901,decreasing,not_significant,5.000,0.210,0.734,positive (not_significant),-0.101,0.126,0.596,decreasing (not_significant)
East,Youngduk,COD_b_adj,2014.000,2024.000,0.025,0.263,increasing,not_significant,5.000,-0.242,0.695,negative (not_significant),-0.214,0.177,0.508,decreasing (not_significant)
East,Youngduk,Chla_b_adj,2014.000,2024.000,0.126,0.065,increasing,marginal,5.000,0.058,0.926,positive (not_significant),-0.214,0.177,0.508,decreasing (not_significant)
East,Youngduk,DIN_b_adj,2014.000,2024.000,7.541,0.002,increasing,significant,5.000,-0.755,0.140,negative (not_significant),-0.214,0.177,0.508,decreasing (not_significant)
East,Youngduk,DIP_b_adj,2014.000,2024.000,0.862,0.012,increasing,significant,5.000,-0.825,0.085,negative (marginal),-0.214,0.177,0.508,decreasing (not_significant)
East,Youngduk,DO_b_adj,2014.000,2024.000,-0.083,0.045,decreasing,significant,5.000,0.641,0.244,positive (not_significant),-0.214,0.177,0.508,decreasing (not_significant)
East,Youngduk,NH3-N_b_adj,2014.000,2024.000,0.684,0.059,increasing,marginal,5.000,-0.487,0.405,negative (not_significant),-0.214,0.177,0.508,decreasing (not_significant)
East,Youngduk,NO2-_b_adj,2014.000,2024.000,0.082,0.492,increasing,not_significant,5.000,-0.741,0.152,negative (not_significant),-0.214,0.177,0.508,decreasing (not_significant)
East,Youngduk,NO3-_b_adj,2014.000,2024.000,6.412,0.007,increasing,significant,5.000,-0.762,0.135,negative (not_significant),-0.214,0.177,0.508,decreasing (not_significant)
East,Youngduk,SAS_b_adj,2014.000,2024.000,15.872,0.008,increasing,significant,5.000,-0.766,0.131,negative (not_significant),-0.214,0.177,0.508,decreasing (not_significant)
East,Youngduk,SS_b_adj,2014.000,2024.000,0.336,0.026,increasing,significant,5.000,-0.778,0.121,negative (not_significant),-0.214,0.177,0.508,decreasing (not_significant)
East,Youngduk,TN_b_adj,2014.000,2024.000,-11.233,0.002,decreasing,significant,5.000,0.989,0.001,positive (significant),-0.214,0.177,0.508,decreasing (not_significant)
East,Youngduk,TP_b_adj,2014.000,2024.000,1.018,0.008,increasing,significant,5.000,-0.785,0.116,negative (not_significant),-0.214,0.177,0.508,decreasing (not_significant)
East,Youngduk,pH_b_adj,2014.000,2024.000,-0.009,0.040,decreasing,significant,5.000,0.535,0.352,positive (not_significant),-0.214,0.177,0.508,decreasing (not_significant)
East,Youngduk,salinity_b_adj,2014.000,2024.000,0.203,0.194,increasing,not_significant,5.000,-0.986,0.002,negative (significant),-0.214,0.177,0.508,decreasing (not_significant)
East,Youngduk,temp_b_adj,2014.000,2024.000,0.137,0.507,increasing,not_significant,5.000,0.330,0.588,positive (not_significant),-0.214,0.177,0.508,decreasing (not_significant)
Jeju,Aewol,COD_b_adj,2016.000,2023.000,0.048,0.073,increasing,marginal,3.000,-0.489,0.675,negative (not_significant),-0.139,0.293,0.803,decreasing (not_significant)
Jeju,Aewol,Chla_b_adj,2016.000,2023.000,0.028,0.568,increasing,not_significant,3.000,-0.436,0.713,negative (not_significant),-0.139,0.293,0.803,decreasing (not_significant)
Jeju,Aewol,DIN_b_adj,2016.000,2023.000,-1.117,0.422,decreasing,not_significant,3.000,1.000,0.008,positive (significant),-0.139,0.293,0.803,decreasing (not_significant)
Jeju,Aewol,DIP_b_adj,2016.000,2023.000,-0.020,0.929,decreasing,not_significant,3.000,-0.946,0.211,negative (not_significant),-0.139,0.293,0.803,decreasing (not_significant)
Jeju,Aewol,DO_b_adj,2016.000,2023.000,0.033,0.464,increasing,not_significant,3.000,-0.423,0.722,negative (not_significant),-0.139,0.293,0.803,decreasing (not_significant)
Jeju,Aewol,NH3-N_b_adj,2016.000,2023.000,0.370,0.508,increasing,not_significant,3.000,0.938,0.226,positive (not_significant),-0.139,0.293,0.803,decreasing (not_significant)
Jeju,Aewol,NO2-_b_adj,2016.000,2023.000,0.105,0.217,increasing,not_significant,3.000,-0.539,0.637,negative (not_significant),-0.139,0.293,0.803,decreasing (not_significant)
Jeju,Aewol,NO3-_b_adj,2016.000,2023.000,-1.267,0.303,decreasing,not_significant,3.000,0.989,0.094,positive (marginal),-0.139,0.293,0.803,decreasing (not_significant)
Jeju,Aewol,SAS_b_adj,2016.000,2023.000,-5.112,0.088,decreasing,marginal,3.000,0.237,0.847,positive (not_significant),-0.139,0.293,0.803,decreasing (not_significant)
Jeju,Aewol,SS_b_adj,2016.000,2023.000,0.050,0.948,increasing,not_significant,3.000,-0.595,0.594,negative (not_significant),-0.139,0.293,0.803,decreasing (not_significant)
Jeju,Aewol,TN_b_adj,2016.000,2023.000,-2.882,0.390,decreasing,not_significant,3.000,0.987,0.103,positive (not_significant),-0.139,0.293,0.803,decreasing (not_significant)
Jeju,Aewol,TP_b_adj,2016.000,2023.000,0.187,0.266,increasing,not_significant,3.000,0.273,0.824,positive (not_significant),-0.139,0.293,0.803,decreasing (not_significant)
Jeju,Aewol,pH_b_adj,2016.000,2023.000,-0.004,0.414,decreasing,not_significant,3.000,0.999,0.025,positive (significant),-0.139,0.293,0.803,decreasing (not_significant)
Jeju,Aewol,salinity_b_adj,2016.000,2023.000,0.007,0.869,increasing,not_significant,3.000,0.777,0.434,positive (not_significant),-0.139,0.293,0.803,decreasing (not_significant)
Jeju,Aewol,temp_b_adj,2016.000,2023.000,0.237,0.169,increasing,not_significant,3.000,-0.865,0.335,negative (not_significant),-0.139,0.293,0.803,decreasing (not_significant)
Jeju,Anduk,COD_b_adj,2016.000,2023.000,0.020,0.562,increasing,not_significant,3.000,-0.229,0.853,negative (not_significant),0.073,0.454,0.572,increasing (not_significant)
Jeju,Anduk,Chla_b_adj,2016.000,2023.000,-0.010,0.749,decreasing,not_significant,3.000,0.442,0.709,positive (not_significant),0.073,0.454,0.572,increasing (not_significant)
Jeju,Anduk,DIN_b_adj,2016.000,2023.000,-1.403,0.336,decreasing,not_significant,3.000,-0.296,0.809,negative (not_significant),0.073,0.454,0.572,increasing (not_significant)
Jeju,Anduk,DIP_b_adj,2016.000,2023.000,-0.047,0.835,decreasing,not_significant,3.000,0.477,0.683,positive (not_significant),0.073,0.454,0.572,increasing (not_significant)
Jeju,Anduk,DO_b_adj,2016.000,2023.000,-0.032,0.538,decreasing,not_significant,3.000,0.513,0.657,positive (not_significant),0.073,0.454,0.572,increasing (not_significant)
Jeju,Anduk,NH3-N_b_adj,2016.000,2023.000,-0.130,0.824,decreasing,not_significant,3.000,-0.830,0.377,negative (not_significant),0.073,0.454,0.572,increasing (not_significant)
Jeju,Anduk,NO2-_b_adj,2016.000,2023.000,0.056,0.542,increasing,not_significant,3.000,0.331,0.785,positive (not_significant),0.073,0.454,0.572,increasing (not_significant)
Jeju,Anduk,NO3-_b_adj,2016.000,2023.000,-1.326,0.299,decreasing,not_significant,3.000,0.024,0.985,positive (not_significant),0.073,0.454,0.572,increasing (not_significant)
Jeju,Anduk,SAS_b_adj,2016.000,2023.000,-5.094,0.103,decreasing,not_significant,3.000,0.279,0.820,positive (not_significant),0.073,0.454,0.572,increasing (not_significant)
Jeju,Anduk,SS_b_adj,2016.000,2023.000,-0.155,0.800,decreasing,not_significant,3.000,0.969,0.158,positive (not_significant),0.073,0.454,0.572,increasing (not_significant)
Jeju,Anduk,TN_b_adj,2016.000,2023.000,-3.832,0.223,decreasing,not_significant,3.000,-0.483,0.679,negative (not_significant),0.073,0.454,0.572,increasing (not_significant)
Jeju,Anduk,TP_b_adj,2016.000,2023.000,0.209,0.278,increasing,not_significant,3.000,1.000,0.011,positive (significant),0.073,0.454,0.572,increasing (not_significant)
Jeju,Anduk,pH_b_adj,2016.000,2023.000,-0.005,0.524,decreasing,not_significant,3.000,-0.899,0.289,negative (not_significant),0.073,0.454,0.572,increasing (not_significant)
Jeju,Anduk,salinity_b_adj,2016.000,2023.000,-0.033,0.444,decreasing,not_significant,3.000,-0.679,0.525,negative (not_significant),0.073,0.454,0.572,increasing (not_significant)
Jeju,Anduk,temp_b_adj,2016.000,2023.000,0.306,0.085,increasing,marginal,3.000,0.440,0.710,positive (not_significant),0.073,0.454,0.572,increasing (not_significant)
Jeju,Daejung,COD_b_adj,2016.000,2023.000,0.047,0.126,increasing,not_significant,3.000,-0.881,0.314,negative (not_significant),-0.052,0.886,0.032,decreasing (not_significant)
Jeju,Daejung,Chla_b_adj,2016.000,2023.000,-0.017,0.584,decreasing,not_significant,3.000,0.618,0.576,positive (not_significant),-0.052,0.886,0.032,decreasing (not_significant)
Jeju,Daejung,DIN_b_adj,2016.000,2023.000,-0.909,0.494,decreasing,not_significant,3.000,0.998,0.037,positive (significant),-0.052,0.886,0.032,decreasing (not_significant)
Jeju,Daejung,DIP_b_adj,2016.000,2023.000,-0.075,0.705,decreasing,not_significant,3.000,1.000,0.017,positive (significant),-0.052,0.886,0.032,decreasing (not_significant)
Jeju,Daejung,DO_b_adj,2016.000,2023.000,-0.016,0.750,decreasing,not_significant,3.000,0.990,0.090,positive (marginal),-0.052,0.886,0.032,decreasing (not_significant)
Jeju,Daejung,NH3-N_b_adj,2016.000,2023.000,0.199,0.594,increasing,not_significant,3.000,0.206,0.868,positive (not_significant),-0.052,0.886,0.032,decreasing (not_significant)
Jeju,Daejung,NO2-_b_adj,2016.000,2023.000,0.006,0.932,increasing,not_significant,3.000,0.290,0.813,positive (not_significant),-0.052,0.886,0.032,decreasing (not_significant)
Jeju,Daejung,NO3-_b_adj,2016.000,2023.000,-1.088,0.303,decreasing,not_significant,3.000,0.949,0.205,positive (not_significant),-0.052,0.886,0.032,decreasing (not_significant)
Jeju,Daejung,SAS_b_adj,2016.000,2023.000,-2.492,0.334,decreasing,not_significant,3.000,-0.022,0.986,negative (not_significant),-0.052,0.886,0.032,decreasing (not_significant)
Jeju,Daejung,SS_b_adj,2016.000,2023.000,1.124,0.039,increasing,significant,3.000,0.673,0.530,positive (not_significant),-0.052,0.886,0.032,decreasing (not_significant)
Jeju,Daejung,TN_b_adj,2016.000,2023.000,-8.136,0.000,decreasing,significant,3.000,0.498,0.668,positive (not_significant),-0.052,0.886,0.032,decreasing (not_significant)
Jeju,Daejung,TP_b_adj,2016.000,2023.000,0.079,0.634,increasing,not_significant,3.000,0.446,0.706,positive (not_significant),-0.052,0.886,0.032,decreasing (not_significant)
Jeju,Daejung,pH_b_adj,2016.000,2023.000,-0.004,0.494,decreasing,not_significant,3.000,0.042,0.973,positive (not_significant),-0.052,0.886,0.032,decreasing (not_significant)
Jeju,Daejung,salinity_b_adj,2016.000,2023.000,-0.032,0.516,decreasing,not_significant,3.000,0.359,0.766,positive (not_significant),-0.052,0.886,0.032,decreasing (not_significant)
Jeju,Daejung,temp_b_adj,2016.000,2023.000,0.203,0.237,increasing,not_significant,3.000,-0.760,0.451,negative (not_significant),-0.052,0.886,0.032,decreasing (not_significant)
Jeju,Gujwa,COD_b_adj,2016.000,2023.000,0.068,0.013,increasing,significant,3.000,-0.993,0.073,negative (marginal),-0.186,0.164,0.935,decreasing (not_significant)
Jeju,Gujwa,Chla_b_adj,2016.000,2023.000,-0.013,0.645,decreasing,not_significant,3.000,0.624,0.571,positive (not_significant),-0.186,0.164,0.935,decreasing (not_significant)
Jeju,Gujwa,DIN_b_adj,2016.000,2023.000,0.511,0.710,increasing,not_significant,3.000,0.999,0.033,positive (significant),-0.186,0.164,0.935,decreasing (not_significant)
Jeju,Gujwa,DIP_b_adj,2016.000,2023.000,0.046,0.832,increasing,not_significant,3.000,-0.914,0.265,negative (not_significant),-0.186,0.164,0.935,decreasing (not_significant)
Jeju,Gujwa,DO_b_adj,2016.000,2023.000,-0.052,0.323,decreasing,not_significant,3.000,0.619,0.575,positive (not_significant),-0.186,0.164,0.935,decreasing (not_significant)
Jeju,Gujwa,NH3-N_b_adj,2016.000,2023.000,-0.344,0.385,decreasing,not_significant,3.000,0.954,0.194,positive (not_significant),-0.186,0.164,0.935,decreasing (not_significant)
Jeju,Gujwa,NO2-_b_adj,2016.000,2023.000,0.002,0.993,increasing,not_significant,3.000,-0.909,0.273,negative (not_significant),-0.186,0.164,0.935,decreasing (not_significant)
Jeju,Gujwa,NO3-_b_adj,2016.000,2023.000,0.854,0.490,increasing,not_significant,3.000,0.727,0.482,positive (not_significant),-0.186,0.164,0.935,decreasing (not_significant)
Jeju,Gujwa,SAS_b_adj,2016.000,2023.000,-1.115,0.603,decreasing,not_significant,3.000,-0.498,0.668,negative (not_significant),-0.186,0.164,0.935,decreasing (not_significant)
Jeju,Gujwa,SS_b_adj,2016.000,2023.000,0.321,0.457,increasing,not_significant,3.000,-0.253,0.837,negative (not_significant),-0.186,0.164,0.935,decreasing (not_significant)
Jeju,Gujwa,TN_b_adj,2016.000,2023.000,-6.503,0.001,decreasing,significant,3.000,0.964,0.172,positive (not_significant),-0.186,0.164,0.935,decreasing (not_significant)
Jeju,Gujwa,TP_b_adj,2016.000,2023.000,0.279,0.121,increasing,not_significant,3.000,-0.489,0.675,negative (not_significant),-0.186,0.164,0.935,decreasing (not_significant)
Jeju,Gujwa,pH_b_adj,2016.000,2023.000,-0.005,0.352,decreasing,not_significant,3.000,0.955,0.192,positive (not_significant),-0.186,0.164,0.935,decreasing (not_significant)
Jeju,Gujwa,salinity_b_adj,2016.000,2023.000,-0.028,0.633,decreasing,not_significant,3.000,-0.040,0.975,negative (not_significant),-0.186,0.164,0.935,decreasing (not_significant)
Jeju,Gujwa,temp_b_adj,2016.000,2023.000,0.239,0.206,increasing,not_significant,3.000,-0.948,0.207,negative (not_significant),-0.186,0.164,0.935,decreasing (not_significant)
Jeju,Hangyung,COD_b_adj,2016.000,2023.000,0.044,0.126,increasing,not_significant,3.000,0.850,0.353,positive (not_significant),0.192,0.196,0.908,increasing (not_significant)
Jeju,Hangyung,Chla_b_adj,2016.000,2023.000,-0.009,0.760,decreasing,not_significant,3.000,-0.656,0.545,negative (not_significant),0.192,0.196,0.908,increasing (not_significant)
Jeju,Hangyung,DIN_b_adj,2016.000,2023.000,0.317,0.803,increasing,not_significant,3.000,0.184,0.882,positive (not_significant),0.192,0.196,0.908,increasing (not_significant)
Jeju,Hangyung,DIP_b_adj,2016.000,2023.000,0.101,0.610,increasing,not_significant,3.000,0.978,0.132,positive (not_significant),0.192,0.196,0.908,increasing (not_significant)
Jeju,Hangyung,DO_b_adj,2016.000,2023.000,-0.026,0.573,decreasing,not_significant,3.000,-0.607,0.585,negative (not_significant),0.192,0.196,0.908,increasing (not_significant)
Jeju,Hangyung,NH3-N_b_adj,2016.000,2023.000,0.571,0.264,increasing,not_significant,3.000,0.366,0.762,positive (not_significant),0.192,0.196,0.908,increasing (not_significant)
Jeju,Hangyung,NO2-_b_adj,2016.000,2023.000,0.023,0.742,increasing,not_significant,3.000,0.954,0.194,positive (not_significant),0.192,0.196,0.908,increasing (not_significant)
Jeju,Hangyung,NO3-_b_adj,2016.000,2023.000,-0.373,0.746,decreasing,not_significant,3.000,-0.535,0.640,negative (not_significant),0.192,0.196,0.908,increasing (not_significant)
Jeju,Hangyung,SAS_b_adj,2016.000,2023.000,-1.157,0.638,decreasing,not_significant,3.000,0.999,0.030,positive (significant),0.192,0.196,0.908,increasing (not_significant)
Jeju,Hangyung,SS_b_adj,2016.000,2023.000,1.367,0.013,increasing,significant,3.000,1.000,0.004,positive (significant),0.192,0.196,0.908,increasing (not_significant)
Jeju,Hangyung,TN_b_adj,2016.000,2023.000,-8.459,0.000,decreasing,significant,3.000,-0.983,0.119,negative (not_significant),0.192,0.196,0.908,increasing (not_significant)
Jeju,Hangyung,TP_b_adj,2016.000,2023.000,0.296,0.059,increasing,marginal,3.000,0.977,0.137,positive (not_significant),0.192,0.196,0.908,increasing (not_significant)
Jeju,Hangyung,pH_b_adj,2016.000,2023.000,-0.008,0.309,decreasing,not_significant,3.000,-0.756,0.454,negative (not_significant),0.192,0.196,0.908,increasing (not_significant)
Jeju,Hangyung,salinity_b_adj,2016.000,2023.000,-0.014,0.720,decreasing,not_significant,3.000,-0.160,0.898,negative (not_significant),0.192,0.196,0.908,increasing (not_significant)
Jeju,Hangyung,temp_b_adj,2016.000,2023.000,0.196,0.214,increasing,not_significant,3.000,0.795,0.415,positive (not_significant),0.192,0.196,0.908,increasing (not_significant)
Jeju,Jeju,COD_b_adj,2016.000,2023.000,0.050,0.031,increasing,significant,4.000,0.616,0.384,positive (not_significant),-0.446,0.590,0.168,decreasing (not_significant)
Jeju,Jeju,Chla_b_adj,2016.000,2023.000,0.006,0.883,increasing,not_significant,4.000,-0.341,0.659,negative (not_significant),-0.446,0.590,0.168,decreasing (not_significant)
Jeju,Jeju,DIN_b_adj,2016.000,2023.000,0.203,0.879,increasing,not_significant,4.000,-0.746,0.254,negative (not_significant),-0.446,0.590,0.168,decreasing (not_significant)
Jeju,Jeju,DIP_b_adj,2016.000,2023.000,-0.094,0.705,decreasing,not_significant,4.000,-0.937,0.063,negative (marginal),-0.446,0.590,0.168,decreasing (not_significant)
Jeju,Jeju,DO_b_adj,2016.000,2023.000,-0.029,0.572,decreasing,not_significant,4.000,0.970,0.030,positive (significant),-0.446,0.590,0.168,decreasing (not_significant)
Jeju,Jeju,NH3-N_b_adj,2016.000,2023.000,0.570,0.389,increasing,not_significant,4.000,-0.110,0.890,negative (not_significant),-0.446,0.590,0.168,decreasing (not_significant)
Jeju,Jeju,NO2-_b_adj,2016.000,2023.000,0.120,0.144,increasing,not_significant,4.000,-0.980,0.020,negative (significant),-0.446,0.590,0.168,decreasing (not_significant)
Jeju,Jeju,NO3-_b_adj,2016.000,2023.000,-0.191,0.877,decreasing,not_significant,4.000,-0.855,0.145,negative (not_significant),-0.446,0.590,0.168,decreasing (not_significant)
Jeju,Jeju,SAS_b_adj,2016.000,2023.000,-3.645,0.217,decreasing,not_significant,4.000,-0.476,0.524,negative (not_significant),-0.446,0.590,0.168,decreasing (not_significant)
Jeju,Jeju,SS_b_adj,2016.000,2023.000,0.868,0.051,increasing,marginal,4.000,-0.705,0.295,negative (not_significant),-0.446,0.590,0.168,decreasing (not_significant)
Jeju,Jeju,TN_b_adj,2016.000,2023.000,-7.613,0.000,decreasing,significant,4.000,-0.187,0.813,negative (not_significant),-0.446,0.590,0.168,decreasing (not_significant)
Jeju,Jeju,TP_b_adj,2016.000,2023.000,0.227,0.144,increasing,not_significant,4.000,-0.762,0.238,negative (not_significant),-0.446,0.590,0.168,decreasing (not_significant)
Jeju,Jeju,pH_b_adj,2016.000,2023.000,-0.008,0.172,decreasing,not_significant,4.000,0.444,0.556,positive (not_significant),-0.446,0.590,0.168,decreasing (not_significant)
Jeju,Jeju,salinity_b_adj,2016.000,2023.000,-0.061,0.333,decreasing,not_significant,4.000,-0.398,0.602,negative (not_significant),-0.446,0.590,0.168,decreasing (not_significant)
Jeju,Jeju,temp_b_adj,2016.000,2023.000,0.246,0.172,increasing,not_significant,4.000,0.410,0.590,positive (not_significant),-0.446,0.590,0.168,decreasing (not_significant)
Jeju,Jocheon,COD_b_adj,2016.000,2023.000,0.045,0.240,increasing,not_significant,3.000,0.065,0.959,positive (not_significant),0.004,0.919,0.016,increasing (not_significant)
Jeju,Jocheon,Chla_b_adj,2016.000,2023.000,-0.009,0.825,decreasing,not_significant,3.000,0.958,0.184,positive (not_significant),0.004,0.919,0.016,increasing (not_significant)
Jeju,Jocheon,DIN_b_adj,2016.000,2023.000,-0.693,0.666,decreasing,not_significant,3.000,0.410,0.731,positive (not_significant),0.004,0.919,0.016,increasing (not_significant)
Jeju,Jocheon,DIP_b_adj,2016.000,2023.000,0.144,0.515,increasing,not_significant,3.000,0.247,0.841,positive (not_significant),0.004,0.919,0.016,increasing (not_significant)
Jeju,Jocheon,DO_b_adj,2016.000,2023.000,0.004,0.943,increasing,not_significant,3.000,0.380,0.752,positive (not_significant),0.004,0.919,0.016,increasing (not_significant)
Jeju,Jocheon,NH3-N_b_adj,2016.000,2023.000,-0.279,0.712,decreasing,not_significant,3.000,0.244,0.843,positive (not_significant),0.004,0.919,0.016,increasing (not_significant)
Jeju,Jocheon,NO2-_b_adj,2016.000,2023.000,0.106,0.285,increasing,not_significant,3.000,-0.494,0.671,negative (not_significant),0.004,0.919,0.016,increasing (not_significant)
Jeju,Jocheon,NO3-_b_adj,2016.000,2023.000,-0.519,0.717,decreasing,not_significant,3.000,0.749,0.461,positive (not_significant),0.004,0.919,0.016,increasing (not_significant)
Jeju,Jocheon,SAS_b_adj,2016.000,2023.000,0.647,0.847,increasing,not_significant,3.000,-0.994,0.072,negative (marginal),0.004,0.919,0.016,increasing (not_significant)
Jeju,Jocheon,SS_b_adj,2016.000,2023.000,1.156,0.022,increasing,significant,3.000,0.774,0.437,positive (not_significant),0.004,0.919,0.016,increasing (not_significant)
Jeju,Jocheon,TN_b_adj,2016.000,2023.000,-7.419,0.004,decreasing,significant,3.000,-0.170,0.891,negative (not_significant),0.004,0.919,0.016,increasing (not_significant)
Jeju,Jocheon,TP_b_adj,2016.000,2023.000,0.463,0.039,increasing,significant,3.000,0.271,0.825,positive (not_significant),0.004,0.919,0.016,increasing (not_significant)
Jeju,Jocheon,pH_b_adj,2016.000,2023.000,-0.006,0.382,decreasing,not_significant,3.000,0.459,0.697,positive (not_significant),0.004,0.919,0.016,increasing (not_significant)
Jeju,Jocheon,salinity_b_adj,2016.000,2023.000,0.017,0.761,increasing,not_significant,3.000,0.993,0.076,positive (marginal),0.004,0.919,0.016,increasing (not_significant)
Jeju,Jocheon,temp_b_adj,2016.000,2023.000,0.101,0.578,increasing,not_significant,3.000,-0.400,0.738,negative (not_significant),0.004,0.919,0.016,increasing (not_significant)
Jeju,Namwon,COD_b_adj,2016.000,2023.000,0.041,0.243,increasing,not_significant,3.000,0.852,0.351,positive (not_significant),0.304,0.066,0.989,increasing (marginal)
Jeju,Namwon,Chla_b_adj,2016.000,2023.000,0.023,0.743,increasing,not_significant,3.000,-0.374,0.756,negative (not_significant),0.304,0.066,0.989,increasing (marginal)
Jeju,Namwon,DIN_b_adj,2016.000,2023.000,-2.287,0.313,decreasing,not_significant,3.000,-0.388,0.746,negative (not_significant),0.304,0.066,0.989,increasing (marginal)
Jeju,Namwon,DIP_b_adj,2016.000,2023.000,-0.293,0.312,decreasing,not_significant,3.000,-0.572,0.613,negative (not_significant),0.304,0.066,0.989,increasing (marginal)
Jeju,Namwon,DO_b_adj,2016.000,2023.000,0.040,0.525,increasing,not_significant,3.000,0.333,0.784,positive (not_significant),0.304,0.066,0.989,increasing (marginal)
Jeju,Namwon,NH3-N_b_adj,2016.000,2023.000,-0.095,0.825,decreasing,not_significant,3.000,-0.129,0.918,negative (not_significant),0.304,0.066,0.989,increasing (marginal)
Jeju,Namwon,NO2-_b_adj,2016.000,2023.000,-0.108,0.454,decreasing,not_significant,3.000,-0.209,0.866,negative (not_significant),0.304,0.066,0.989,increasing (marginal)
Jeju,Namwon,NO3-_b_adj,2016.000,2023.000,-2.112,0.325,decreasing,not_significant,3.000,-0.464,0.693,negative (not_significant),0.304,0.066,0.989,increasing (marginal)
Jeju,Namwon,SAS_b_adj,2016.000,2023.000,-10.452,0.295,decreasing,not_significant,3.000,-0.357,0.768,negative (not_significant),0.304,0.066,0.989,increasing (marginal)
Jeju,Namwon,SS_b_adj,2016.000,2023.000,1.021,0.053,increasing,marginal,3.000,0.394,0.742,positive (not_significant),0.304,0.066,0.989,increasing (marginal)
Jeju,Namwon,TN_b_adj,2016.000,2023.000,-4.096,0.109,decreasing,not_significant,3.000,-0.999,0.022,negative (significant),0.304,0.066,0.989,increasing (marginal)
Jeju,Namwon,TP_b_adj,2016.000,2023.000,0.230,0.275,increasing,not_significant,3.000,0.795,0.415,positive (not_significant),0.304,0.066,0.989,increasing (marginal)
Jeju,Namwon,pH_b_adj,2016.000,2023.000,-0.018,0.221,decreasing,not_significant,3.000,-0.751,0.459,negative (not_significant),0.304,0.066,0.989,increasing (marginal)
Jeju,Namwon,salinity_b_adj,2016.000,2023.000,-0.004,0.928,decreasing,not_significant,3.000,-0.935,0.230,negative (not_significant),0.304,0.066,0.989,increasing (marginal)
Jeju,Namwon,temp_b_adj,2016.000,2023.000,0.356,0.062,increasing,marginal,3.000,0.869,0.329,positive (not_significant),0.304,0.066,0.989,increasing (marginal)
Jeju,Pyosun,COD_b_adj,2016.000,2023.000,0.043,0.264,increasing,not_significant,3.000,0.987,0.102,positive (not_significant),0.175,0.156,0.941,increasing (not_significant)
Jeju,Pyosun,Chla_b_adj,2016.000,2023.000,0.019,0.664,increasing,not_significant,3.000,0.857,0.345,positive (not_significant),0.175,0.156,0.941,increasing (not_significant)
Jeju,Pyosun,DIN_b_adj,2016.000,2023.000,1.063,0.607,increasing,not_significant,3.000,0.310,0.799,positive (not_significant),0.175,0.156,0.941,increasing (not_significant)
Jeju,Pyosun,DIP_b_adj,2016.000,2023.000,0.213,0.402,increasing,not_significant,3.000,0.943,0.216,positive (not_significant),0.175,0.156,0.941,increasing (not_significant)
Jeju,Pyosun,DO_b_adj,2016.000,2023.000,-0.123,0.061,decreasing,marginal,3.000,-0.978,0.133,negative (not_significant),0.175,0.156,0.941,increasing (not_significant)
Jeju,Pyosun,NH3-N_b_adj,2016.000,2023.000,-0.027,0.958,decreasing,not_significant,3.000,-0.535,0.641,negative (not_significant),0.175,0.156,0.941,increasing (not_significant)
Jeju,Pyosun,NO2-_b_adj,2016.000,2023.000,0.086,0.425,increasing,not_significant,3.000,0.585,0.602,positive (not_significant),0.175,0.156,0.941,increasing (not_significant)
Jeju,Pyosun,NO3-_b_adj,2016.000,2023.000,0.784,0.678,increasing,not_significant,3.000,0.276,0.822,positive (not_significant),0.175,0.156,0.941,increasing (not_significant)
Jeju,Pyosun,SAS_b_adj,2016.000,2023.000,3.267,0.400,increasing,not_significant,3.000,0.330,0.786,positive (not_significant),0.175,0.156,0.941,increasing (not_significant)
Jeju,Pyosun,SS_b_adj,2016.000,2023.000,0.745,0.244,increasing,not_significant,3.000,0.951,0.200,positive (not_significant),0.175,0.156,0.941,increasing (not_significant)
Jeju,Pyosun,TN_b_adj,2016.000,2023.000,-4.329,0.073,decreasing,marginal,3.000,-0.417,0.726,negative (not_significant),0.175,0.156,0.941,increasing (not_significant)
Jeju,Pyosun,TP_b_adj,2016.000,2023.000,0.347,0.123,increasing,not_significant,3.000,1.000,0.006,positive (significant),0.175,0.156,0.941,increasing (not_significant)
Jeju,Pyosun,pH_b_adj,2016.000,2023.000,-0.010,0.415,decreasing,not_significant,3.000,0.119,0.924,positive (not_significant),0.175,0.156,0.941,increasing (not_significant)
Jeju,Pyosun,salinity_b_adj,2016.000,2023.000,-0.088,0.109,decreasing,not_significant,3.000,-0.972,0.152,negative (not_significant),0.175,0.156,0.941,increasing (not_significant)
Jeju,Pyosun,temp_b_adj,2016.000,2023.000,0.487,0.017,increasing,significant,3.000,0.879,0.317,positive (not_significant),0.175,0.156,0.941,increasing (not_significant)
Jeju,Seoguipo,COD_b_adj,2016.000,2023.000,0.076,0.003,increasing,significant,3.000,0.824,0.384,positive (not_significant),0.344,0.278,0.821,increasing (not_significant)
Jeju,Seoguipo,Chla_b_adj,2016.000,2023.000,0.012,0.752,increasing,not_significant,3.000,0.722,0.487,positive (not_significant),0.344,0.278,0.821,increasing (not_significant)
Jeju,Seoguipo,DIN_b_adj,2016.000,2023.000,0.893,0.699,increasing,not_significant,3.000,-0.741,0.468,negative (not_significant),0.344,0.278,0.821,increasing (not_significant)
Jeju,Seoguipo,DIP_b_adj,2016.000,2023.000,0.042,0.860,increasing,not_significant,3.000,0.622,0.573,positive (not_significant),0.344,0.278,0.821,increasing (not_significant)
Jeju,Seoguipo,DO_b_adj,2016.000,2023.000,-0.006,0.898,decreasing,not_significant,3.000,-0.902,0.284,negative (not_significant),0.344,0.278,0.821,increasing (not_significant)
Jeju,Seoguipo,NH3-N_b_adj,2016.000,2023.000,-0.108,0.817,decreasing,not_significant,3.000,-0.875,0.322,negative (not_significant),0.344,0.278,0.821,increasing (not_significant)
Jeju,Seoguipo,NO2-_b_adj,2016.000,2023.000,0.000,1.000,increasing,not_significant,3.000,-0.990,0.092,negative (marginal),0.344,0.278,0.821,increasing (not_significant)
Jeju,Seoguipo,NO3-_b_adj,2016.000,2023.000,1.005,0.608,increasing,not_significant,3.000,-0.612,0.580,negative (not_significant),0.344,0.278,0.821,increasing (not_significant)
Jeju,Seoguipo,SAS_b_adj,2016.000,2023.000,-0.715,0.897,decreasing,not_significant,3.000,-0.996,0.057,negative (marginal),0.344,0.278,0.821,increasing (not_significant)
Jeju,Seoguipo,SS_b_adj,2016.000,2023.000,1.122,0.052,increasing,marginal,3.000,0.986,0.108,positive (not_significant),0.344,0.278,0.821,increasing (not_significant)
Jeju,Seoguipo,TN_b_adj,2016.000,2023.000,-9.134,0.004,decreasing,significant,3.000,-0.744,0.466,negative (not_significant),0.344,0.278,0.821,increasing (not_significant)
Jeju,Seoguipo,TP_b_adj,2016.000,2023.000,-0.072,0.814,decreasing,not_significant,3.000,0.829,0.377,positive (not_significant),0.344,0.278,0.821,increasing (not_significant)
Jeju,Seoguipo,pH_b_adj,2016.000,2023.000,-0.009,0.381,decreasing,not_significant,3.000,-0.671,0.531,negative (not_significant),0.344,0.278,0.821,increasing (not_significant)
Jeju,Seoguipo,salinity_b_adj,2016.000,2023.000,-0.016,0.743,decreasing,not_significant,3.000,0.557,0.624,positive (not_significant),0.344,0.278,0.821,increasing (not_significant)
Jeju,Seoguipo,temp_b_adj,2016.000,2023.000,0.180,0.342,increasing,not_significant,3.000,0.861,0.339,positive (not_significant),0.344,0.278,0.821,increasing (not_significant)
Jeju,Sungsan,COD_b_adj,2016.000,2023.000,0.038,0.197,increasing,not_significant,3.000,0.707,0.500,positive (not_significant),0.230,0.352,0.724,increasing (not_significant)
Jeju,Sungsan,Chla_b_adj,2016.000,2023.000,-0.010,0.668,decreasing,not_significant,3.000,-0.362,0.764,negative (not_significant),0.230,0.352,0.724,increasing (not_significant)
Jeju,Sungsan,DIN_b_adj,2016.000,2023.000,-0.705,0.544,decreasing,not_significant,3.000,-0.374,0.756,negative (not_significant),0.230,0.352,0.724,increasing (not_significant)
Jeju,Sungsan,DIP_b_adj,2016.000,2023.000,-0.122,0.557,decreasing,not_significant,3.000,0.960,0.182,positive (not_significant),0.230,0.352,0.724,increasing (not_significant)
Jeju,Sungsan,DO_b_adj,2016.000,2023.000,-0.036,0.446,decreasing,not_significant,3.000,-0.974,0.145,negative (not_significant),0.230,0.352,0.724,increasing (not_significant)
Jeju,Sungsan,NH3-N_b_adj,2016.000,2023.000,-0.240,0.509,decreasing,not_significant,3.000,-0.997,0.053,negative (marginal),0.230,0.352,0.724,increasing (not_significant)
Jeju,Sungsan,NO2-_b_adj,2016.000,2023.000,0.066,0.404,increasing,not_significant,3.000,0.817,0.391,positive (not_significant),0.230,0.352,0.724,increasing (not_significant)
Jeju,Sungsan,NO3-_b_adj,2016.000,2023.000,-0.435,0.688,decreasing,not_significant,3.000,0.216,0.861,positive (not_significant),0.230,0.352,0.724,increasing (not_significant)
Jeju,Sungsan,SAS_b_adj,2016.000,2023.000,-5.175,0.033,decreasing,significant,3.000,-0.992,0.083,negative (marginal),0.230,0.352,0.724,increasing (not_significant)
Jeju,Sungsan,SS_b_adj,2016.000,2023.000,1.236,0.001,increasing,significant,3.000,1.000,0.011,positive (significant),0.230,0.352,0.724,increasing (not_significant)
Jeju,Sungsan,TN_b_adj,2016.000,2023.000,-7.625,0.000,decreasing,significant,3.000,-0.444,0.707,negative (not_significant),0.230,0.352,0.724,increasing (not_significant)
Jeju,Sungsan,TP_b_adj,2016.000,2023.000,0.422,0.014,increasing,significant,3.000,0.975,0.143,positive (not_significant),0.230,0.352,0.724,increasing (not_significant)
Jeju,Sungsan,pH_b_adj,2016.000,2023.000,-0.004,0.610,decreasing,not_significant,3.000,0.961,0.178,positive (not_significant),0.230,0.352,0.724,increasing (not_significant)
Jeju,Sungsan,salinity_b_adj,2016.000,2023.000,-0.028,0.460,decreasing,not_significant,3.000,-0.973,0.148,negative (not_significant),0.230,0.352,0.724,increasing (not_significant)
Jeju,Sungsan,temp_b_adj,2016.000,2023.000,0.290,0.058,increasing,marginal,3.000,0.670,0.532,positive (not_significant),0.230,0.352,0.724,increasing (not_significant)
South,Gangjin,COD_b_adj,2018.000,2024.000,0.120,0.000,increasing,significant,4.000,-0.056,0.944,negative (not_significant),0.000,0.474,0.276,increasing (not_significant)
South,Gangjin,Chla_b_adj,2018.000,2024.000,-0.062,0.082,decreasing,marginal,4.000,0.375,0.625,positive (not_significant),0.000,0.474,0.276,increasing (not_significant)
South,Gangjin,DIN_b_adj,2018.000,2024.000,3.872,0.051,increasing,marginal,4.000,0.800,0.200,positive (not_significant),0.000,0.474,0.276,increasing (not_significant)
South,Gangjin,DIP_b_adj,2018.000,2024.000,0.659,0.014,increasing,significant,4.000,0.764,0.236,positive (not_significant),0.000,0.474,0.276,increasing (not_significant)
South,Gangjin,DO_b_adj,2018.000,2024.000,0.030,0.647,increasing,not_significant,4.000,-0.242,0.758,negative (not_significant),0.000,0.474,0.276,increasing (not_significant)
South,Gangjin,NH3-N_b_adj,2018.000,2024.000,0.832,0.292,increasing,not_significant,4.000,0.294,0.706,positive (not_significant),0.000,0.474,0.276,increasing (not_significant)
South,Gangjin,NO2-_b_adj,2018.000,2024.000,-0.016,0.970,decreasing,not_significant,4.000,0.803,0.197,positive (not_significant),0.000,0.474,0.276,increasing (not_significant)
South,Gangjin,NO3-_b_adj,2018.000,2024.000,3.058,0.053,increasing,marginal,4.000,0.826,0.174,positive (not_significant),0.000,0.474,0.276,increasing (not_significant)
South,Gangjin,SAS_b_adj,2018.000,2024.000,5.724,0.328,increasing,not_significant,4.000,0.808,0.192,positive (not_significant),0.000,0.474,0.276,increasing (not_significant)
South,Gangjin,SS_b_adj,2018.000,2024.000,-1.069,0.216,decreasing,not_significant,4.000,0.261,0.739,positive (not_significant),0.000,0.474,0.276,increasing (not_significant)
South,Gangjin,TN_b_adj,2018.000,2024.000,-14.235,0.010,decreasing,significant,4.000,0.329,0.671,positive (not_significant),0.000,0.474,0.276,increasing (not_significant)
South,Gangjin,TP_b_adj,2018.000,2024.000,-0.561,0.562,decreasing,not_significant,4.000,0.585,0.415,positive (not_significant),0.000,0.474,0.276,increasing (not_significant)
South,Gangjin,pH_b_adj,2018.000,2024.000,0.005,0.285,increasing,not_significant,4.000,0.953,0.047,positive (significant),0.000,0.474,0.276,increasing (not_significant)
South,Gangjin,salinity_b_adj,2018.000,2024.000,-0.031,0.398,decreasing,not_significant,4.000,-0.641,0.359,negative (not_significant),0.000,0.474,0.276,increasing (not_significant)
South,Gangjin,temp_b_adj,2018.000,2024.000,0.169,0.562,increasing,not_significant,4.000,0.864,0.136,positive (not_significant),0.000,0.474,0.276,increasing (not_significant)
South,Geoje,COD_b_adj,2015.000,2024.000,0.031,0.158,increasing,not_significant,5.000,-0.706,0.183,negative (not_significant),-0.117,0.299,0.343,decreasing (not_significant)
South,Geoje,Chla_b_adj,2015.000,2024.000,-0.077,0.207,decreasing,not_significant,5.000,0.505,0.385,positive (not_significant),-0.117,0.299,0.343,decreasing (not_significant)
South,Geoje,DIN_b_adj,2015.000,2024.000,1.939,0.390,increasing,not_significant,5.000,0.004,0.995,positive (not_significant),-0.117,0.299,0.343,decreasing (not_significant)
South,Geoje,DIP_b_adj,2015.000,2024.000,0.435,0.200,increasing,not_significant,5.000,-0.349,0.565,negative (not_significant),-0.117,0.299,0.343,decreasing (not_significant)
South,Geoje,DO_b_adj,2015.000,2024.000,-0.066,0.333,decreasing,not_significant,5.000,0.117,0.852,positive (not_significant),-0.117,0.299,0.343,decreasing (not_significant)
South,Geoje,NH3-N_b_adj,2015.000,2024.000,-0.120,0.878,decreasing,not_significant,5.000,0.154,0.805,positive (not_significant),-0.117,0.299,0.343,decreasing (not_significant)
South,Geoje,NO2-_b_adj,2015.000,2024.000,-0.151,0.267,decreasing,not_significant,5.000,0.416,0.486,positive (not_significant),-0.117,0.299,0.343,decreasing (not_significant)
South,Geoje,NO3-_b_adj,2015.000,2024.000,1.758,0.303,increasing,not_significant,5.000,-0.147,0.814,negative (not_significant),-0.117,0.299,0.343,decreasing (not_significant)
South,Geoje,SAS_b_adj,2015.000,2024.000,4.421,0.485,increasing,not_significant,5.000,0.365,0.546,positive (not_significant),-0.117,0.299,0.343,decreasing (not_significant)
South,Geoje,SS_b_adj,2015.000,2024.000,0.356,0.312,increasing,not_significant,5.000,-0.049,0.938,negative (not_significant),-0.117,0.299,0.343,decreasing (not_significant)
South,Geoje,TN_b_adj,2015.000,2024.000,-5.785,0.096,decreasing,marginal,5.000,0.964,0.008,positive (significant),-0.117,0.299,0.343,decreasing (not_significant)
South,Geoje,TP_b_adj,2015.000,2024.000,0.463,0.228,increasing,not_significant,5.000,-0.407,0.497,negative (not_significant),-0.117,0.299,0.343,decreasing (not_significant)
South,Geoje,pH_b_adj,2015.000,2024.000,-0.012,0.055,decreasing,marginal,5.000,0.185,0.766,positive (not_significant),-0.117,0.299,0.343,decreasing (not_significant)
South,Geoje,salinity_b_adj,2015.000,2024.000,-0.038,0.304,decreasing,not_significant,5.000,-0.544,0.343,negative (not_significant),-0.117,0.299,0.343,decreasing (not_significant)
South,Geoje,temp_b_adj,2015.000,2024.000,0.157,0.428,increasing,not_significant,5.000,0.135,0.829,positive (not_significant),-0.117,0.299,0.343,decreasing (not_significant)
South,Gohung,COD_b_adj,2018.000,2024.000,0.066,0.000,increasing,significant,4.000,-0.274,0.726,negative (not_significant),0.024,0.159,0.708,increasing (not_significant)
South,Gohung,Chla_b_adj,2018.000,2024.000,-0.020,0.639,decreasing,not_significant,4.000,-0.260,0.740,negative (not_significant),0.024,0.159,0.708,increasing (not_significant)
South,Gohung,DIN_b_adj,2018.000,2024.000,2.588,0.078,increasing,marginal,4.000,0.612,0.388,positive (not_significant),0.024,0.159,0.708,increasing (not_significant)
South,Gohung,DIP_b_adj,2018.000,2024.000,0.371,0.078,increasing,marginal,4.000,0.626,0.374,positive (not_significant),0.024,0.159,0.708,increasing (not_significant)
South,Gohung,DO_b_adj,2018.000,2024.000,-0.044,0.501,decreasing,not_significant,4.000,-0.929,0.071,negative (marginal),0.024,0.159,0.708,increasing (not_significant)
South,Gohung,NH3-N_b_adj,2018.000,2024.000,0.574,0.105,increasing,not_significant,4.000,-0.220,0.780,negative (not_significant),0.024,0.159,0.708,increasing (not_significant)
South,Gohung,NO2-_b_adj,2018.000,2024.000,0.494,0.288,increasing,not_significant,4.000,0.688,0.312,positive (not_significant),0.024,0.159,0.708,increasing (not_significant)
South,Gohung,NO3-_b_adj,2018.000,2024.000,1.653,0.124,increasing,not_significant,4.000,0.760,0.240,positive (not_significant),0.024,0.159,0.708,increasing (not_significant)
South,Gohung,SAS_b_adj,2018.000,2024.000,10.225,0.088,increasing,marginal,4.000,0.735,0.265,positive (not_significant),0.024,0.159,0.708,increasing (not_significant)
South,Gohung,SS_b_adj,2018.000,2024.000,0.904,0.232,increasing,not_significant,4.000,0.612,0.388,positive (not_significant),0.024,0.159,0.708,increasing (not_significant)
South,Gohung,TN_b_adj,2018.000,2024.000,-7.802,0.003,decreasing,significant,4.000,0.072,0.928,positive (not_significant),0.024,0.159,0.708,increasing (not_significant)
South,Gohung,TP_b_adj,2018.000,2024.000,0.563,0.121,increasing,not_significant,4.000,0.846,0.154,positive (not_significant),0.024,0.159,0.708,increasing (not_significant)
South,Gohung,pH_b_adj,2018.000,2024.000,-0.016,0.002,decreasing,significant,4.000,-0.473,0.527,negative (not_significant),0.024,0.159,0.708,increasing (not_significant)
South,Gohung,salinity_b_adj,2018.000,2024.000,-0.046,0.231,decreasing,not_significant,4.000,-0.932,0.068,negative (marginal),0.024,0.159,0.708,increasing (not_significant)
South,Gohung,temp_b_adj,2018.000,2024.000,0.140,0.634,increasing,not_significant,4.000,0.731,0.269,positive (not_significant),0.024,0.159,0.708,increasing (not_significant)
South,Gosung,COD_b_adj,2015.000,2024.000,0.088,0.000,increasing,significant,5.000,0.136,0.828,positive (not_significant),0.005,0.184,0.496,increasing (not_significant)
South,Gosung,Chla_b_adj,2015.000,2024.000,-0.049,0.280,decreasing,not_significant,5.000,-0.293,0.633,negative (not_significant),0.005,0.184,0.496,increasing (not_significant)
South,Gosung,DIN_b_adj,2015.000,2024.000,-2.683,0.184,decreasing,not_significant,5.000,-0.460,0.436,negative (not_significant),0.005,0.184,0.496,increasing (not_significant)
South,Gosung,DIP_b_adj,2015.000,2024.000,0.263,0.481,increasing,not_significant,5.000,0.637,0.247,positive (not_significant),0.005,0.184,0.496,increasing (not_significant)
South,Gosung,DO_b_adj,2015.000,2024.000,-0.049,0.560,decreasing,not_significant,5.000,-0.333,0.584,negative (not_significant),0.005,0.184,0.496,increasing (not_significant)
South,Gosung,NH3-N_b_adj,2015.000,2024.000,-0.504,0.568,decreasing,not_significant,5.000,-0.368,0.542,negative (not_significant),0.005,0.184,0.496,increasing (not_significant)
South,Gosung,NO2-_b_adj,2015.000,2024.000,-0.592,0.144,decreasing,not_significant,5.000,0.130,0.835,positive (not_significant),0.005,0.184,0.496,increasing (not_significant)
South,Gosung,NO3-_b_adj,2015.000,2024.000,-0.908,0.360,decreasing,not_significant,5.000,-0.184,0.767,negative (not_significant),0.005,0.184,0.496,increasing (not_significant)
South,Gosung,SAS_b_adj,2015.000,2024.000,19.957,0.094,increasing,marginal,5.000,0.904,0.035,positive (significant),0.005,0.184,0.496,increasing (not_significant)
South,Gosung,SS_b_adj,2015.000,2024.000,-0.605,0.043,decreasing,significant,5.000,-0.327,0.592,negative (not_significant),0.005,0.184,0.496,increasing (not_significant)
South,Gosung,TN_b_adj,2015.000,2024.000,-9.028,0.004,decreasing,significant,5.000,-0.035,0.956,negative (not_significant),0.005,0.184,0.496,increasing (not_significant)
South,Gosung,TP_b_adj,2015.000,2024.000,0.464,0.221,increasing,not_significant,5.000,0.925,0.024,positive (significant),0.005,0.184,0.496,increasing (not_significant)
South,Gosung,pH_b_adj,2015.000,2024.000,-0.014,0.059,decreasing,marginal,5.000,-0.737,0.155,negative (not_significant),0.005,0.184,0.496,increasing (not_significant)
South,Gosung,salinity_b_adj,2015.000,2024.000,-0.029,0.409,decreasing,not_significant,5.000,-0.580,0.306,negative (not_significant),0.005,0.184,0.496,increasing (not_significant)
South,Gosung,temp_b_adj,2015.000,2024.000,0.186,0.530,increasing,not_significant,5.000,-0.225,0.716,negative (not_significant),0.005,0.184,0.496,increasing (not_significant)
South,Namhae,COD_b_adj,2015.000,2024.000,0.106,0.000,increasing,significant,5.000,-0.847,0.070,negative (marginal),-0.041,0.165,0.527,decreasing (not_significant)
South,Namhae,Chla_b_adj,2015.000,2024.000,-0.029,0.428,decreasing,not_significant,5.000,0.790,0.112,positive (not_significant),-0.041,0.165,0.527,decreasing (not_significant)
South,Namhae,DIN_b_adj,2015.000,2024.000,2.624,0.200,increasing,not_significant,5.000,0.249,0.686,positive (not_significant),-0.041,0.165,0.527,decreasing (not_significant)
South,Namhae,DIP_b_adj,2015.000,2024.000,0.404,0.256,increasing,not_significant,5.000,0.199,0.749,positive (not_significant),-0.041,0.165,0.527,decreasing (not_significant)
South,Namhae,DO_b_adj,2015.000,2024.000,-0.108,0.156,decreasing,not_significant,5.000,-0.173,0.781,negative (not_significant),-0.041,0.165,0.527,decreasing (not_significant)
South,Namhae,NH3-N_b_adj,2015.000,2024.000,1.181,0.171,increasing,not_significant,5.000,0.372,0.538,positive (not_significant),-0.041,0.165,0.527,decreasing (not_significant)
South,Namhae,NO2-_b_adj,2015.000,2024.000,-0.214,0.581,decreasing,not_significant,5.000,-0.219,0.723,negative (not_significant),-0.041,0.165,0.527,decreasing (not_significant)
South,Namhae,NO3-_b_adj,2015.000,2024.000,1.700,0.149,increasing,not_significant,5.000,0.265,0.667,positive (not_significant),-0.041,0.165,0.527,decreasing (not_significant)
South,Namhae,SAS_b_adj,2015.000,2024.000,11.222,0.265,increasing,not_significant,5.000,0.273,0.657,positive (not_significant),-0.041,0.165,0.527,decreasing (not_significant)
South,Namhae,SS_b_adj,2015.000,2024.000,0.430,0.037,increasing,significant,5.000,-0.354,0.559,negative (not_significant),-0.041,0.165,0.527,decreasing (not_significant)
South,Namhae,TN_b_adj,2015.000,2024.000,-4.165,0.069,decreasing,marginal,5.000,0.880,0.049,positive (significant),-0.041,0.165,0.527,decreasing (not_significant)
South,Namhae,TP_b_adj,2015.000,2024.000,0.616,0.090,increasing,marginal,5.000,-0.681,0.206,negative (not_significant),-0.041,0.165,0.527,decreasing (not_significant)
South,Namhae,pH_b_adj,2015.000,2024.000,-0.011,0.044,decreasing,significant,5.000,0.060,0.923,positive (not_significant),-0.041,0.165,0.527,decreasing (not_significant)
South,Namhae,salinity_b_adj,2015.000,2024.000,-0.040,0.340,decreasing,not_significant,5.000,-0.121,0.846,negative (not_significant),-0.041,0.165,0.527,decreasing (not_significant)
South,Namhae,temp_b_adj,2015.000,2024.000,0.164,0.555,increasing,not_significant,5.000,-0.404,0.500,negative (not_significant),-0.041,0.165,0.527,decreasing (not_significant)
South,Tongyoung,COD_b_adj,2015.000,2024.000,0.048,0.007,increasing,significant,5.000,-0.657,0.228,negative (not_significant),-0.117,0.252,0.400,decreasing (not_significant)
South,Tongyoung,Chla_b_adj,2015.000,2024.000,-0.117,0.023,decreasing,significant,5.000,0.872,0.054,positive (marginal),-0.117,0.252,0.400,decreasing (not_significant)
South,Tongyoung,DIN_b_adj,2015.000,2024.000,1.986,0.462,increasing,not_significant,5.000,0.163,0.794,positive (not_significant),-0.117,0.252,0.400,decreasing (not_significant)
South,Tongyoung,DIP_b_adj,2015.000,2024.000,0.364,0.297,increasing,not_significant,5.000,0.035,0.956,positive (not_significant),-0.117,0.252,0.400,decreasing (not_significant)
South,Tongyoung,DO_b_adj,2015.000,2024.000,-0.076,0.323,decreasing,not_significant,5.000,0.365,0.545,positive (not_significant),-0.117,0.252,0.400,decreasing (not_significant)
South,Tongyoung,NH3-N_b_adj,2015.000,2024.000,0.837,0.350,increasing,not_significant,5.000,0.476,0.417,positive (not_significant),-0.117,0.252,0.400,decreasing (not_significant)
South,Tongyoung,NO2-_b_adj,2015.000,2024.000,-0.267,0.422,decreasing,not_significant,5.000,0.464,0.431,positive (not_significant),-0.117,0.252,0.400,decreasing (not_significant)
South,Tongyoung,NO3-_b_adj,2015.000,2024.000,0.887,0.592,increasing,not_significant,5.000,-0.105,0.866,negative (not_significant),-0.117,0.252,0.400,decreasing (not_significant)
South,Tongyoung,SAS_b_adj,2015.000,2024.000,-0.948,0.908,decreasing,not_significant,5.000,0.511,0.379,positive (not_significant),-0.117,0.252,0.400,decreasing (not_significant)
South,Tongyoung,SS_b_adj,2015.000,2024.000,-0.300,0.112,decreasing,not_significant,5.000,0.575,0.311,positive (not_significant),-0.117,0.252,0.400,decreasing (not_significant)
South,Tongyoung,TN_b_adj,2015.000,2024.000,-9.711,0.003,decreasing,significant,5.000,0.960,0.009,positive (significant),-0.117,0.252,0.400,decreasing (not_significant)
South,Tongyoung,TP_b_adj,2015.000,2024.000,0.092,0.789,increasing,not_significant,5.000,-0.163,0.793,negative (not_significant),-0.117,0.252,0.400,decreasing (not_significant)
South,Tongyoung,pH_b_adj,2015.000,2024.000,-0.013,0.049,decreasing,significant,5.000,0.006,0.993,positive (not_significant),-0.117,0.252,0.400,decreasing (not_significant)
South,Tongyoung,salinity_b_adj,2015.000,2024.000,-0.038,0.284,decreasing,not_significant,5.000,-0.448,0.449,negative (not_significant),-0.117,0.252,0.400,decreasing (not_significant)
South,Tongyoung,temp_b_adj,2015.000,2024.000,0.196,0.366,increasing,not_significant,5.000,-0.203,0.744,negative (not_significant),-0.117,0.252,0.400,decreasing (not_significant)
South,Wando,COD_b_adj,2018.000,2024.000,0.101,0.000,increasing,significant,4.000,-0.088,0.912,negative (not_significant),0.078,0.162,0.702,increasing (not_significant)
South,Wando,Chla_b_adj,2018.000,2024.000,-0.062,0.036,decreasing,significant,4.000,-0.912,0.088,negative (marginal),0.078,0.162,0.702,increasing (not_significant)
South,Wando,DIN_b_adj,2018.000,2024.000,3.060,0.115,increasing,not_significant,4.000,-0.283,0.717,negative (not_significant),0.078,0.162,0.702,increasing (not_significant)
South,Wando,DIP_b_adj,2018.000,2024.000,0.468,0.107,increasing,not_significant,4.000,-0.277,0.723,negative (not_significant),0.078,0.162,0.702,increasing (not_significant)
South,Wando,DO_b_adj,2018.000,2024.000,0.019,0.706,increasing,not_significant,4.000,-0.893,0.107,negative (not_significant),0.078,0.162,0.702,increasing (not_significant)
South,Wando,NH3-N_b_adj,2018.000,2024.000,0.624,0.161,increasing,not_significant,4.000,-0.519,0.481,negative (not_significant),0.078,0.162,0.702,increasing (not_significant)
South,Wando,NO2-_b_adj,2018.000,2024.000,-0.007,0.979,decreasing,not_significant,4.000,0.423,0.577,positive (not_significant),0.078,0.162,0.702,increasing (not_significant)
South,Wando,NO3-_b_adj,2018.000,2024.000,2.770,0.113,increasing,not_significant,4.000,-0.149,0.851,negative (not_significant),0.078,0.162,0.702,increasing (not_significant)
South,Wando,SAS_b_adj,2018.000,2024.000,4.638,0.324,increasing,not_significant,4.000,0.798,0.202,positive (not_significant),0.078,0.162,0.702,increasing (not_significant)
South,Wando,SS_b_adj,2018.000,2024.000,-1.165,0.205,decreasing,not_significant,4.000,-0.693,0.307,negative (not_significant),0.078,0.162,0.702,increasing (not_significant)
South,Wando,TN_b_adj,2018.000,2024.000,-6.699,0.004,decreasing,significant,4.000,-0.288,0.712,negative (not_significant),0.078,0.162,0.702,increasing (not_significant)
South,Wando,TP_b_adj,2018.000,2024.000,0.295,0.637,increasing,not_significant,4.000,-0.516,0.484,negative (not_significant),0.078,0.162,0.702,increasing (not_significant)
South,Wando,pH_b_adj,2018.000,2024.000,0.004,0.404,increasing,not_significant,4.000,0.863,0.137,positive (not_significant),0.078,0.162,0.702,increasing (not_significant)
South,Wando,salinity_b_adj,2018.000,2024.000,-0.028,0.401,decreasing,not_significant,4.000,-0.991,0.009,negative (significant),0.078,0.162,0.702,increasing (not_significant)
South,Wando,temp_b_adj,2018.000,2024.000,0.184,0.449,increasing,not_significant,4.000,0.550,0.450,positive (not_significant),0.078,0.162,0.702,increasing (not_significant)
South,Yeosu,COD_b_adj,2018.000,2024.000,0.057,0.071,increasing,marginal,4.000,-0.998,0.002,negative (significant),0.084,0.144,0.732,increasing (not_significant)
South,Yeosu,Chla_b_adj,2018.000,2024.000,-0.401,0.190,decreasing,not_significant,4.000,0.823,0.177,positive (not_significant),0.084,0.144,0.732,increasing (not_significant)
South,Yeosu,DIN_b_adj,2018.000,2024.000,2.532,0.203,increasing,not_significant,4.000,0.267,0.733,positive (not_significant),0.084,0.144,0.732,increasing (not_significant)
South,Yeosu,DIP_b_adj,2018.000,2024.000,0.561,0.116,increasing,not_significant,4.000,0.614,0.386,positive (not_significant),0.084,0.144,0.732,increasing (not_significant)
South,Yeosu,DO_b_adj,2018.000,2024.000,0.035,0.653,increasing,not_significant,4.000,0.782,0.218,positive (not_significant),0.084,0.144,0.732,increasing (not_significant)
South,Yeosu,NH3-N_b_adj,2018.000,2024.000,1.568,0.054,increasing,marginal,4.000,0.783,0.217,positive (not_significant),0.084,0.144,0.732,increasing (not_significant)
South,Yeosu,NO2-_b_adj,2018.000,2024.000,-0.335,0.401,decreasing,not_significant,4.000,0.209,0.791,positive (not_significant),0.084,0.144,0.732,increasing (not_significant)
South,Yeosu,NO3-_b_adj,2018.000,2024.000,1.375,0.383,increasing,not_significant,4.000,-0.324,0.676,negative (not_significant),0.084,0.144,0.732,increasing (not_significant)
South,Yeosu,SAS_b_adj,2018.000,2024.000,5.828,0.549,increasing,not_significant,4.000,0.381,0.619,positive (not_significant),0.084,0.144,0.732,increasing (not_significant)
South,Yeosu,SS_b_adj,2018.000,2024.000,0.356,0.229,increasing,not_significant,4.000,0.143,0.857,positive (not_significant),0.084,0.144,0.732,increasing (not_significant)
South,Yeosu,TN_b_adj,2018.000,2024.000,-6.697,0.013,decreasing,significant,4.000,0.608,0.392,positive (not_significant),0.084,0.144,0.732,increasing (not_significant)
South,Yeosu,TP_b_adj,2018.000,2024.000,0.899,0.017,increasing,significant,4.000,0.885,0.115,positive (not_significant),0.084,0.144,0.732,increasing (not_significant)
South,Yeosu,pH_b_adj,2018.000,2024.000,-0.011,0.057,decreasing,marginal,4.000,-0.701,0.299,negative (not_significant),0.084,0.144,0.732,increasing (not_significant)
South,Yeosu,salinity_b_adj,2018.000,2024.000,-0.013,0.672,decreasing,not_significant,4.000,-0.871,0.129,negative (not_significant),0.084,0.144,0.732,increasing (not_significant)
South,Yeosu,temp_b_adj,2018.000,2024.000,0.124,0.601,increasing,not_significant,4.000,0.761,0.239,positive (not_significant),0.084,0.144,0.732,increasing (not_significant)
