region,admin,CB_type,variable,n_years,cor_ts,lm_slope,lm_p_value
East,Donghae,CB_1,COD_b_adj,5.000,0.001,0.005,0.998
East,Donghae,CB_1,Chla_b_adj,5.000,0.551,1.905,0.336
East,Donghae,CB_1,DIN_b_adj,5.000,-0.289,-0.012,0.638
East,Donghae,CB_1,DIP_b_adj,5.000,-0.166,-0.049,0.789
East,Donghae,CB_1,DO_b_adj,5.000,0.395,0.757,0.510
East,Donghae,CB_1,NH3-N_b_adj,5.000,0.089,0.067,0.887
East,Donghae,CB_1,NO2-_b_adj,5.000,-0.671,-0.644,0.215
East,Donghae,CB_1,NO3-_b_adj,5.000,-0.277,-0.012,0.652
East,Donghae,CB_1,SAS_b_adj,5.000,-0.316,-0.005,0.604
East,Donghae,CB_1,SS_b_adj,5.000,-0.083,-0.061,0.895
East,Donghae,CB_1,TN_b_adj,5.000,0.343,0.014,0.571
East,Donghae,CB_1,TP_b_adj,5.000,-0.247,-0.055,0.688
East,Donghae,CB_1,pH_b_adj,5.000,-0.273,-7.909,0.656
East,Donghae,CB_1,salinity_b_adj,5.000,-0.279,-2.611,0.649
East,Donghae,CB_1,temp_b_adj,5.000,-0.691,-1.268,0.196
East,Donghae,CB_2,COD_b_adj,5.000,-0.439,-1.800,0.459
East,Donghae,CB_2,Chla_b_adj,5.000,0.701,2.605,0.187
East,Donghae,CB_2,DIN_b_adj,5.000,-0.647,-0.029,0.238
East,Donghae,CB_2,DIP_b_adj,5.000,-0.556,-0.175,0.331
East,Donghae,CB_2,DO_b_adj,5.000,0.601,1.240,0.283
East,Donghae,CB_2,NH3-N_b_adj,5.000,-0.353,-0.288,0.560
East,Donghae,CB_2,NO2-_b_adj,5.000,-0.873,-0.900,0.054
East,Donghae,CB_2,NO3-_b_adj,5.000,-0.618,-0.030,0.266
East,Donghae,CB_2,SAS_b_adj,5.000,-0.670,-0.011,0.216
East,Donghae,CB_2,SS_b_adj,5.000,-0.476,-0.376,0.418
East,Donghae,CB_2,TN_b_adj,5.000,0.640,0.028,0.245
East,Donghae,CB_2,TP_b_adj,5.000,-0.583,-0.140,0.302
East,Donghae,CB_2,pH_b_adj,5.000,0.209,6.520,0.735
East,Donghae,CB_2,salinity_b_adj,5.000,-0.123,-1.239,0.844
East,Donghae,CB_2,temp_b_adj,5.000,-0.431,-0.852,0.468
East,Donghae,CB_3,COD_b_adj,5.000,0.282,0.367,0.646
East,Donghae,CB_3,Chla_b_adj,5.000,0.423,0.500,0.478
East,Donghae,CB_3,DIN_b_adj,5.000,-0.050,-0.001,0.937
East,Donghae,CB_3,DIP_b_adj,5.000,0.002,0.000,0.997
East,Donghae,CB_3,DO_b_adj,5.000,0.253,0.166,0.681
East,Donghae,CB_3,NH3-N_b_adj,5.000,0.067,0.017,0.915
East,Donghae,CB_3,NO2-_b_adj,5.000,-0.556,-0.182,0.330
East,Donghae,CB_3,NO3-_b_adj,5.000,-0.031,-0.000,0.961
East,Donghae,CB_3,SAS_b_adj,5.000,-0.200,-0.001,0.747
East,Donghae,CB_3,SS_b_adj,5.000,0.219,0.055,0.723
East,Donghae,CB_3,TN_b_adj,5.000,0.213,0.003,0.731
East,Donghae,CB_3,TP_b_adj,5.000,-0.044,-0.003,0.944
East,Donghae,CB_3,pH_b_adj,5.000,-0.497,-4.913,0.394
East,Donghae,CB_3,salinity_b_adj,5.000,-0.249,-0.796,0.686
East,Donghae,CB_3,temp_b_adj,5.000,-0.795,-0.499,0.108
East,Gangneung,CB_1,COD_b_adj,5.000,-0.285,-0.708,0.643
East,Gangneung,CB_1,Chla_b_adj,5.000,0.239,0.590,0.699
East,Gangneung,CB_1,DIN_b_adj,5.000,-0.493,-0.020,0.399
East,Gangneung,CB_1,DIP_b_adj,5.000,-0.636,-0.210,0.249
East,Gangneung,CB_1,DO_b_adj,5.000,0.817,1.516,0.091
East,Gangneung,CB_1,NH3-N_b_adj,5.000,-0.089,-0.021,0.886
East,Gangneung,CB_1,NO2-_b_adj,5.000,-0.510,-0.472,0.381
East,Gangneung,CB_1,NO3-_b_adj,5.000,-0.525,-0.024,0.364
East,Gangneung,CB_1,SAS_b_adj,5.000,-0.559,-0.013,0.328
East,Gangneung,CB_1,SS_b_adj,5.000,-0.379,-0.177,0.529
East,Gangneung,CB_1,TN_b_adj,5.000,0.688,0.036,0.199
East,Gangneung,CB_1,TP_b_adj,5.000,-0.587,-0.137,0.298
East,Gangneung,CB_1,pH_b_adj,5.000,0.018,0.517,0.977
East,Gangneung,CB_1,salinity_b_adj,5.000,0.013,0.076,0.983
East,Gangneung,CB_1,temp_b_adj,5.000,-0.562,-0.811,0.324
East,Gangneung,CB_2,COD_b_adj,5.000,0.076,0.204,0.903
East,Gangneung,CB_2,Chla_b_adj,5.000,-0.219,-0.580,0.724
East,Gangneung,CB_2,DIN_b_adj,5.000,-0.083,-0.004,0.895
East,Gangneung,CB_2,DIP_b_adj,5.000,-0.251,-0.089,0.683
East,Gangneung,CB_2,DO_b_adj,5.000,0.787,1.568,0.114
East,Gangneung,CB_2,NH3-N_b_adj,5.000,-0.009,-0.002,0.988
East,Gangneung,CB_2,NO2-_b_adj,5.000,-0.142,-0.141,0.820
East,Gangneung,CB_2,NO3-_b_adj,5.000,-0.090,-0.004,0.886
East,Gangneung,CB_2,SAS_b_adj,5.000,-0.283,-0.007,0.644
East,Gangneung,CB_2,SS_b_adj,5.000,-0.005,-0.003,0.993
East,Gangneung,CB_2,TN_b_adj,5.000,0.359,0.020,0.553
East,Gangneung,CB_2,TP_b_adj,5.000,-0.290,-0.073,0.636
East,Gangneung,CB_2,pH_b_adj,5.000,-0.264,-8.052,0.667
East,Gangneung,CB_2,salinity_b_adj,5.000,-0.275,-1.723,0.655
East,Gangneung,CB_2,temp_b_adj,5.000,-0.874,-1.355,0.053
East,Gangneung,CB_3,COD_b_adj,5.000,0.159,0.110,0.798
East,Gangneung,CB_3,Chla_b_adj,5.000,-0.166,-0.114,0.790
East,Gangneung,CB_3,DIN_b_adj,5.000,-0.126,-0.001,0.840
East,Gangneung,CB_3,DIP_b_adj,5.000,-0.302,-0.028,0.621
East,Gangneung,CB_3,DO_b_adj,5.000,0.650,0.336,0.235
East,Gangneung,CB_3,NH3-N_b_adj,5.000,0.043,0.003,0.946
East,Gangneung,CB_3,NO2-_b_adj,5.000,-0.330,-0.085,0.588
East,Gangneung,CB_3,NO3-_b_adj,5.000,-0.137,-0.002,0.826
East,Gangneung,CB_3,SAS_b_adj,5.000,-0.289,-0.002,0.638
East,Gangneung,CB_3,SS_b_adj,5.000,0.065,0.008,0.917
East,Gangneung,CB_3,TN_b_adj,5.000,0.507,0.007,0.383
East,Gangneung,CB_3,TP_b_adj,5.000,-0.213,-0.014,0.731
East,Gangneung,CB_3,pH_b_adj,5.000,-0.270,-2.136,0.660
East,Gangneung,CB_3,salinity_b_adj,5.000,-0.047,-0.077,0.940
East,Gangneung,CB_3,temp_b_adj,5.000,-0.822,-0.331,0.088
East,Gosung,CB_1,COD_b_adj,3.000,-0.501,-3.721,0.666
East,Gosung,CB_1,Chla_b_adj,3.000,-0.170,-1.135,0.891
East,Gosung,CB_1,DIN_b_adj,3.000,0.219,0.042,0.859
East,Gosung,CB_1,DIP_b_adj,3.000,0.393,0.264,0.743
East,Gosung,CB_1,DO_b_adj,3.000,-0.821,-2.890,0.386
East,Gosung,CB_1,NH3-N_b_adj,3.000,-0.351,-0.339,0.772
East,Gosung,CB_1,NO2-_b_adj,3.000,-0.211,-0.479,0.865
East,Gosung,CB_1,NO3-_b_adj,3.000,0.272,0.047,0.825
East,Gosung,CB_1,SAS_b_adj,3.000,-0.010,-0.000,0.994
East,Gosung,CB_1,SS_b_adj,3.000,0.963,0.918,0.174
East,Gosung,CB_1,TN_b_adj,3.000,0.990,0.225,0.091
East,Gosung,CB_1,TP_b_adj,3.000,0.450,0.374,0.703
East,Gosung,CB_1,pH_b_adj,3.000,0.775,43.601,0.436
East,Gosung,CB_1,salinity_b_adj,3.000,0.961,11.662,0.178
East,Gosung,CB_1,temp_b_adj,3.000,1.000,2.013,0.015
East,Gosung,CB_2,COD_b_adj,3.000,-0.146,-1.266,0.907
East,Gosung,CB_2,Chla_b_adj,3.000,0.207,1.616,0.867
East,Gosung,CB_2,DIN_b_adj,3.000,-0.157,-0.035,0.899
East,Gosung,CB_2,DIP_b_adj,3.000,0.025,0.020,0.984
East,Gosung,CB_2,DO_b_adj,3.000,-0.552,-2.273,0.628
East,Gosung,CB_2,NH3-N_b_adj,3.000,0.021,0.023,0.987
East,Gosung,CB_2,NO2-_b_adj,3.000,-0.558,-1.480,0.623
East,Gosung,CB_2,NO3-_b_adj,3.000,-0.104,-0.021,0.934
East,Gosung,CB_2,SAS_b_adj,3.000,-0.379,-0.016,0.753
East,Gosung,CB_2,SS_b_adj,3.000,0.795,0.887,0.415
East,Gosung,CB_2,TN_b_adj,3.000,0.867,0.230,0.332
East,Gosung,CB_2,TP_b_adj,3.000,0.088,0.085,0.944
East,Gosung,CB_2,pH_b_adj,3.000,0.486,32.010,0.677
East,Gosung,CB_2,salinity_b_adj,3.000,0.791,11.232,0.419
East,Gosung,CB_2,temp_b_adj,3.000,0.920,2.168,0.256
East,Gosung,CB_3,COD_b_adj,3.000,-0.166,-0.438,0.894
East,Gosung,CB_3,Chla_b_adj,3.000,0.187,0.445,0.880
East,Gosung,CB_3,DIN_b_adj,3.000,-0.137,-0.009,0.912
East,Gosung,CB_3,DIP_b_adj,3.000,0.045,0.011,0.971
East,Gosung,CB_3,DO_b_adj,3.000,-0.569,-0.713,0.615
East,Gosung,CB_3,NH3-N_b_adj,3.000,0.000,0.000,1.000
East,Gosung,CB_3,NO2-_b_adj,3.000,-0.541,-0.437,0.636
East,Gosung,CB_3,NO3-_b_adj,3.000,-0.083,-0.005,0.947
East,Gosung,CB_3,SAS_b_adj,3.000,-0.360,-0.005,0.765
East,Gosung,CB_3,SS_b_adj,3.000,0.807,0.274,0.402
East,Gosung,CB_3,TN_b_adj,3.000,0.877,0.071,0.320
East,Gosung,CB_3,TP_b_adj,3.000,0.108,0.032,0.931
East,Gosung,CB_3,pH_b_adj,3.000,0.504,10.098,0.664
East,Gosung,CB_3,salinity_b_adj,3.000,0.803,3.473,0.406
East,Gosung,CB_3,temp_b_adj,3.000,0.928,0.666,0.243
East,Samchuk,CB_1,COD_b_adj,5.000,-0.323,-0.576,0.596
East,Samchuk,CB_1,Chla_b_adj,5.000,0.892,1.369,0.042
East,Samchuk,CB_1,DIN_b_adj,5.000,-0.664,-0.008,0.222
East,Samchuk,CB_1,DIP_b_adj,5.000,-0.705,-0.062,0.183
East,Samchuk,CB_1,DO_b_adj,5.000,0.830,0.875,0.082
East,Samchuk,CB_1,NH3-N_b_adj,5.000,0.015,0.003,0.981
East,Samchuk,CB_1,NO2-_b_adj,5.000,-0.920,-0.552,0.027
East,Samchuk,CB_1,NO3-_b_adj,5.000,-0.661,-0.008,0.224
East,Samchuk,CB_1,SAS_b_adj,5.000,-0.740,-0.004,0.153
East,Samchuk,CB_1,SS_b_adj,5.000,0.181,0.062,0.770
East,Samchuk,CB_1,TN_b_adj,5.000,-0.636,-0.016,0.249
East,Samchuk,CB_1,TP_b_adj,5.000,-0.595,-0.046,0.289
East,Samchuk,CB_1,pH_b_adj,5.000,0.418,4.272,0.484
East,Samchuk,CB_1,salinity_b_adj,5.000,-0.458,-0.731,0.437
East,Samchuk,CB_1,temp_b_adj,5.000,0.546,0.142,0.341
East,Samchuk,CB_2,COD_b_adj,5.000,-0.196,-0.542,0.752
East,Samchuk,CB_2,Chla_b_adj,5.000,0.704,1.673,0.185
East,Samchuk,CB_2,DIN_b_adj,5.000,-0.584,-0.011,0.302
East,Samchuk,CB_2,DIP_b_adj,5.000,-0.566,-0.077,0.319
East,Samchuk,CB_2,DO_b_adj,5.000,0.711,1.162,0.178
East,Samchuk,CB_2,NH3-N_b_adj,5.000,-0.336,-0.096,0.581
East,Samchuk,CB_2,NO2-_b_adj,5.000,-0.949,-0.881,0.014
East,Samchuk,CB_2,NO3-_b_adj,5.000,-0.556,-0.010,0.330
East,Samchuk,CB_2,SAS_b_adj,5.000,-0.683,-0.006,0.204
East,Samchuk,CB_2,SS_b_adj,5.000,-0.182,-0.097,0.770
East,Samchuk,CB_2,TN_b_adj,5.000,-0.572,-0.022,0.314
East,Samchuk,CB_2,TP_b_adj,5.000,-0.555,-0.066,0.331
East,Samchuk,CB_2,pH_b_adj,5.000,0.460,7.294,0.435
East,Samchuk,CB_2,salinity_b_adj,5.000,-0.285,-0.702,0.643
East,Samchuk,CB_2,temp_b_adj,5.000,0.534,0.215,0.354
East,Samchuk,CB_3,COD_b_adj,5.000,-0.403,-1.140,0.501
East,Samchuk,CB_3,Chla_b_adj,5.000,0.511,1.244,0.379
East,Samchuk,CB_3,DIN_b_adj,5.000,-0.677,-0.013,0.209
East,Samchuk,CB_3,DIP_b_adj,5.000,-0.546,-0.076,0.341
East,Samchuk,CB_3,DO_b_adj,5.000,0.441,0.737,0.458
East,Samchuk,CB_3,NH3-N_b_adj,5.000,-0.748,-0.219,0.146
East,Samchuk,CB_3,NO2-_b_adj,5.000,-0.796,-0.758,0.107
East,Samchuk,CB_3,NO3-_b_adj,5.000,-0.628,-0.012,0.257
East,Samchuk,CB_3,SAS_b_adj,5.000,-0.720,-0.006,0.170
East,Samchuk,CB_3,SS_b_adj,5.000,-0.585,-0.319,0.300
East,Samchuk,CB_3,TN_b_adj,5.000,-0.426,-0.017,0.475
East,Samchuk,CB_3,TP_b_adj,5.000,-0.606,-0.074,0.278
East,Samchuk,CB_3,pH_b_adj,5.000,0.748,12.137,0.146
East,Samchuk,CB_3,salinity_b_adj,5.000,-0.283,-0.715,0.645
East,Samchuk,CB_3,temp_b_adj,5.000,0.780,0.321,0.120
East,Sokcho,CB_1,COD_b_adj,4.000,0.614,0.873,0.386
East,Sokcho,CB_1,Chla_b_adj,4.000,-0.882,-3.286,0.118
East,Sokcho,CB_1,DIN_b_adj,4.000,0.789,0.023,0.211
East,Sokcho,CB_1,DIP_b_adj,4.000,0.683,0.118,0.317
East,Sokcho,CB_1,DO_b_adj,4.000,-0.632,-2.085,0.368
East,Sokcho,CB_1,NH3-N_b_adj,4.000,0.803,0.096,0.197
East,Sokcho,CB_1,NO2-_b_adj,4.000,0.479,0.827,0.521
East,Sokcho,CB_1,NO3-_b_adj,4.000,0.676,0.023,0.324
East,Sokcho,CB_1,SAS_b_adj,4.000,0.445,0.004,0.555
East,Sokcho,CB_1,SS_b_adj,4.000,0.482,0.231,0.518
East,Sokcho,CB_1,TN_b_adj,4.000,-0.265,-0.010,0.735
East,Sokcho,CB_1,TP_b_adj,4.000,0.969,0.179,0.031
East,Sokcho,CB_1,pH_b_adj,4.000,-0.816,-25.460,0.184
East,Sokcho,CB_1,salinity_b_adj,4.000,0.161,2.152,0.839
East,Sokcho,CB_1,temp_b_adj,4.000,-0.786,-0.857,0.214
East,Sokcho,CB_2,COD_b_adj,4.000,-0.380,-0.463,0.620
East,Sokcho,CB_2,Chla_b_adj,4.000,0.894,2.854,0.106
East,Sokcho,CB_2,DIN_b_adj,4.000,-0.923,-0.023,0.077
East,Sokcho,CB_2,DIP_b_adj,4.000,-0.853,-0.126,0.147
East,Sokcho,CB_2,DO_b_adj,4.000,0.815,2.301,0.185
East,Sokcho,CB_2,NH3-N_b_adj,4.000,-0.729,-0.075,0.271
East,Sokcho,CB_2,NO2-_b_adj,4.000,-0.680,-1.005,0.320
East,Sokcho,CB_2,NO3-_b_adj,4.000,-0.849,-0.025,0.151
East,Sokcho,CB_2,SAS_b_adj,4.000,-0.659,-0.005,0.341
East,Sokcho,CB_2,SS_b_adj,4.000,-0.595,-0.244,0.405
East,Sokcho,CB_2,TN_b_adj,4.000,0.031,0.001,0.969
East,Sokcho,CB_2,TP_b_adj,4.000,-0.996,-0.158,0.004
East,Sokcho,CB_2,pH_b_adj,4.000,0.836,22.329,0.164
East,Sokcho,CB_2,salinity_b_adj,4.000,-0.398,-4.566,0.602
East,Sokcho,CB_2,temp_b_adj,4.000,0.834,0.778,0.166
East,Sokcho,CB_3,COD_b_adj,4.000,0.963,0.373,0.037
East,Sokcho,CB_3,Chla_b_adj,4.000,-0.394,-0.399,0.606
East,Sokcho,CB_3,DIN_b_adj,4.000,0.218,0.002,0.782
East,Sokcho,CB_3,DIP_b_adj,4.000,0.065,0.003,0.935
East,Sokcho,CB_3,DO_b_adj,4.000,-0.016,-0.014,0.984
East,Sokcho,CB_3,NH3-N_b_adj,4.000,0.855,0.028,0.145
East,Sokcho,CB_3,NO2-_b_adj,4.000,-0.267,-0.125,0.733
East,Sokcho,CB_3,NO3-_b_adj,4.000,0.012,0.000,0.988
East,Sokcho,CB_3,SAS_b_adj,4.000,-0.132,-0.000,0.868
East,Sokcho,CB_3,SS_b_adj,4.000,-0.181,-0.024,0.819
East,Sokcho,CB_3,TN_b_adj,4.000,-0.560,-0.006,0.440
East,Sokcho,CB_3,TP_b_adj,4.000,0.571,0.029,0.429
East,Sokcho,CB_3,pH_b_adj,4.000,-0.638,-5.421,0.362
East,Sokcho,CB_3,salinity_b_adj,4.000,-0.325,-1.187,0.675
East,Sokcho,CB_3,temp_b_adj,4.000,-0.554,-0.164,0.446
Jeju,Daejung,CB_1,COD_b_adj,3.000,0.478,0.594,0.683
Jeju,Daejung,CB_1,Chla_b_adj,3.000,0.002,0.002,0.999
Jeju,Daejung,CB_1,DIN_b_adj,3.000,-0.755,-0.007,0.456
Jeju,Daejung,CB_1,DIP_b_adj,3.000,-0.816,-0.195,0.392
Jeju,Daejung,CB_1,DO_b_adj,3.000,-0.873,-0.295,0.324
Jeju,Daejung,CB_1,NH3-N_b_adj,3.000,-0.841,-0.012,0.364
Jeju,Daejung,CB_1,NO2-_b_adj,3.000,-0.959,-0.376,0.182
Jeju,Daejung,CB_1,NO3-_b_adj,3.000,-0.550,-0.012,0.629
Jeju,Daejung,CB_1,SAS_b_adj,3.000,-0.594,-0.013,0.595
Jeju,Daejung,CB_1,SS_b_adj,3.000,-0.989,-0.014,0.093
Jeju,Daejung,CB_1,TN_b_adj,3.000,-0.608,-0.002,0.584
Jeju,Daejung,CB_1,TP_b_adj,3.000,-0.841,-0.096,0.364
Jeju,Daejung,CB_1,pH_b_adj,3.000,0.641,1.457,0.557
Jeju,Daejung,CB_1,salinity_b_adj,3.000,-0.854,-0.831,0.348
Jeju,Daejung,CB_1,temp_b_adj,3.000,0.292,0.062,0.812
Jeju,Daejung,CB_2,COD_b_adj,3.000,0.992,6.699,0.079
Jeju,Daejung,CB_2,Chla_b_adj,3.000,-0.811,-4.837,0.398
Jeju,Daejung,CB_2,DIN_b_adj,3.000,-0.973,-0.046,0.148
Jeju,Daejung,CB_2,DIP_b_adj,3.000,-0.945,-1.226,0.212
Jeju,Daejung,CB_2,DO_b_adj,3.000,-0.905,-1.662,0.280
Jeju,Daejung,CB_2,NH3-N_b_adj,3.000,-0.930,-0.072,0.240
Jeju,Daejung,CB_2,NO2-_b_adj,3.000,-0.330,-0.704,0.786
Jeju,Daejung,CB_2,NO3-_b_adj,3.000,-0.999,-0.119,0.025
Jeju,Daejung,CB_2,SAS_b_adj,3.000,0.308,0.038,0.801
Jeju,Daejung,CB_2,SS_b_adj,3.000,-0.459,-0.036,0.696
Jeju,Daejung,CB_2,TN_b_adj,3.000,-1.000,-0.019,0.020
Jeju,Daejung,CB_2,TP_b_adj,3.000,-0.051,-0.031,0.968
Jeju,Daejung,CB_2,pH_b_adj,3.000,-0.250,-3.091,0.839
Jeju,Daejung,CB_2,salinity_b_adj,3.000,-0.076,-0.402,0.952
Jeju,Daejung,CB_2,temp_b_adj,3.000,0.947,1.086,0.208
Jeju,Daejung,CB_3,COD_b_adj,3.000,-0.918,-6.719,0.260
Jeju,Daejung,CB_3,Chla_b_adj,3.000,0.614,3.972,0.579
Jeju,Daejung,CB_3,DIN_b_adj,3.000,0.999,0.051,0.033
Jeju,Daejung,CB_3,DIP_b_adj,3.000,0.999,1.405,0.031
Jeju,Daejung,CB_3,DO_b_adj,3.000,0.988,1.968,0.098
Jeju,Daejung,CB_3,NH3-N_b_adj,3.000,0.996,0.083,0.059
Jeju,Daejung,CB_3,NO2-_b_adj,3.000,0.582,1.346,0.604
Jeju,Daejung,CB_3,NO3-_b_adj,3.000,0.948,0.123,0.207
Jeju,Daejung,CB_3,SAS_b_adj,3.000,-0.028,-0.004,0.982
Jeju,Daejung,CB_3,SS_b_adj,3.000,0.690,0.058,0.515
Jeju,Daejung,CB_3,TN_b_adj,3.000,0.968,0.020,0.161
Jeju,Daejung,CB_3,TP_b_adj,3.000,0.329,0.221,0.786
Jeju,Daejung,CB_3,pH_b_adj,3.000,-0.032,-0.428,0.980
Jeju,Daejung,CB_3,salinity_b_adj,3.000,0.353,2.024,0.770
Jeju,Daejung,CB_3,temp_b_adj,3.000,-0.819,-1.019,0.389
Jeju,Gujwa,CB_1,COD_b_adj,3.000,0.400,0.997,0.738
Jeju,Gujwa,CB_1,Chla_b_adj,3.000,0.564,1.661,0.618
Jeju,Gujwa,CB_1,DIN_b_adj,3.000,-0.341,-0.082,0.778
Jeju,Gujwa,CB_1,DIP_b_adj,3.000,0.655,0.566,0.546
Jeju,Gujwa,CB_1,DO_b_adj,3.000,0.570,1.940,0.614
Jeju,Gujwa,CB_1,NH3-N_b_adj,3.000,0.007,0.002,0.995
Jeju,Gujwa,CB_1,NO2-_b_adj,3.000,0.664,0.732,0.538
Jeju,Gujwa,CB_1,NO3-_b_adj,3.000,-0.869,-0.371,0.329
Jeju,Gujwa,CB_1,SAS_b_adj,3.000,-0.684,-0.100,0.521
Jeju,Gujwa,CB_1,SS_b_adj,3.000,0.999,0.082,0.026
Jeju,Gujwa,CB_1,TN_b_adj,3.000,-0.537,-0.015,0.639
Jeju,Gujwa,CB_1,TP_b_adj,3.000,0.977,0.514,0.137
Jeju,Gujwa,CB_1,pH_b_adj,3.000,0.005,0.073,0.997
Jeju,Gujwa,CB_1,salinity_b_adj,3.000,0.967,3.156,0.163
Jeju,Gujwa,CB_1,temp_b_adj,3.000,-0.029,-0.032,0.982
Jeju,Gujwa,CB_2,COD_b_adj,3.000,0.917,2.882,0.261
Jeju,Gujwa,CB_2,Chla_b_adj,3.000,-0.824,-3.062,0.383
Jeju,Gujwa,CB_2,DIN_b_adj,3.000,-0.941,-0.285,0.220
Jeju,Gujwa,CB_2,DIP_b_adj,3.000,0.757,0.826,0.453
Jeju,Gujwa,CB_2,DO_b_adj,3.000,-0.820,-3.519,0.388
Jeju,Gujwa,CB_2,NH3-N_b_adj,3.000,-1.000,-0.368,0.006
Jeju,Gujwa,CB_2,NO2-_b_adj,3.000,0.749,1.042,0.461
Jeju,Gujwa,CB_2,NO3-_b_adj,3.000,-0.496,-0.267,0.670
Jeju,Gujwa,CB_2,SAS_b_adj,3.000,0.728,0.135,0.481
Jeju,Gujwa,CB_2,SS_b_adj,3.000,-0.039,-0.004,0.975
Jeju,Gujwa,CB_2,TN_b_adj,3.000,-0.844,-0.030,0.360
Jeju,Gujwa,CB_2,TP_b_adj,3.000,0.215,0.143,0.862
Jeju,Gujwa,CB_2,pH_b_adj,3.000,-1.000,-18.415,0.004
Jeju,Gujwa,CB_2,salinity_b_adj,3.000,-0.252,-1.037,0.838
Jeju,Gujwa,CB_2,temp_b_adj,3.000,1.000,1.401,0.020
Jeju,Gujwa,CB_3,COD_b_adj,3.000,-0.993,-2.066,0.073
Jeju,Gujwa,CB_3,Chla_b_adj,3.000,0.624,1.535,0.571
Jeju,Gujwa,CB_3,DIN_b_adj,3.000,0.999,0.200,0.033
Jeju,Gujwa,CB_3,DIP_b_adj,3.000,-0.914,-0.660,0.265
Jeju,Gujwa,CB_3,DO_b_adj,3.000,0.619,1.757,0.575
Jeju,Gujwa,CB_3,NH3-N_b_adj,3.000,0.954,0.232,0.194
Jeju,Gujwa,CB_3,NO2-_b_adj,3.000,-0.909,-0.837,0.273
Jeju,Gujwa,CB_3,NO3-_b_adj,3.000,0.727,0.259,0.482
Jeju,Gujwa,CB_3,SAS_b_adj,3.000,-0.498,-0.061,0.668
Jeju,Gujwa,CB_3,SS_b_adj,3.000,-0.253,-0.017,0.837
Jeju,Gujwa,CB_3,TN_b_adj,3.000,0.964,0.022,0.172
Jeju,Gujwa,CB_3,TP_b_adj,3.000,-0.489,-0.215,0.675
Jeju,Gujwa,CB_3,pH_b_adj,3.000,0.955,11.642,0.192
Jeju,Gujwa,CB_3,salinity_b_adj,3.000,-0.040,-0.109,0.975
Jeju,Gujwa,CB_3,temp_b_adj,3.000,-0.948,-0.879,0.207
Jeju,Hallim,CB_1,COD_b_adj,3.000,-0.790,-25.765,0.420
Jeju,Hallim,CB_1,Chla_b_adj,3.000,0.777,30.598,0.434
Jeju,Hallim,CB_1,DIN_b_adj,3.000,0.629,0.211,0.567
Jeju,Hallim,CB_1,DIP_b_adj,3.000,-1.000,-1.666,0.005
Jeju,Hallim,CB_1,DO_b_adj,3.000,0.667,7.372,0.536
Jeju,Hallim,CB_1,NH3-N_b_adj,3.000,0.986,1.139,0.108
Jeju,Hallim,CB_1,NO2-_b_adj,3.000,-0.973,-5.129,0.148
Jeju,Hallim,CB_1,NO3-_b_adj,3.000,0.494,0.202,0.671
Jeju,Hallim,CB_1,SAS_b_adj,3.000,-0.024,-0.013,0.984
Jeju,Hallim,CB_1,SS_b_adj,3.000,-0.985,-0.236,0.112
Jeju,Hallim,CB_1,TN_b_adj,3.000,0.973,0.064,0.149
Jeju,Hallim,CB_1,TP_b_adj,3.000,-0.933,-1.164,0.235
Jeju,Hallim,CB_1,pH_b_adj,3.000,0.667,14.837,0.536
Jeju,Hallim,CB_1,salinity_b_adj,3.000,-0.864,-15.573,0.335
Jeju,Hallim,CB_1,temp_b_adj,3.000,-0.716,-1.826,0.492
Jeju,Hallim,CB_2,COD_b_adj,3.000,0.984,8.408,0.113
Jeju,Hallim,CB_2,Chla_b_adj,3.000,-0.395,-4.079,0.741
Jeju,Hallim,CB_2,DIN_b_adj,3.000,-0.918,-0.081,0.260
Jeju,Hallim,CB_2,DIP_b_adj,3.000,0.882,0.385,0.312
Jeju,Hallim,CB_2,DO_b_adj,3.000,-0.936,-2.712,0.228
Jeju,Hallim,CB_2,NH3-N_b_adj,3.000,-0.951,-0.288,0.200
Jeju,Hallim,CB_2,NO2-_b_adj,3.000,0.755,1.042,0.455
Jeju,Hallim,CB_2,NO3-_b_adj,3.000,-0.841,-0.090,0.363
Jeju,Hallim,CB_2,SAS_b_adj,3.000,0.486,0.067,0.677
Jeju,Hallim,CB_2,SS_b_adj,3.000,0.953,0.060,0.195
Jeju,Hallim,CB_2,TN_b_adj,3.000,-0.969,-0.017,0.159
Jeju,Hallim,CB_2,TP_b_adj,3.000,0.994,0.325,0.072
Jeju,Hallim,CB_2,pH_b_adj,3.000,-0.936,-5.460,0.228
Jeju,Hallim,CB_2,salinity_b_adj,3.000,0.999,4.713,0.028
Jeju,Hallim,CB_2,temp_b_adj,3.000,0.958,0.640,0.185
Jeju,Hallim,CB_3,COD_b_adj,3.000,0.387,4.184,0.747
Jeju,Hallim,CB_3,Chla_b_adj,3.000,-0.986,-12.886,0.107
Jeju,Hallim,CB_3,DIN_b_adj,3.000,-0.166,-0.018,0.894
Jeju,Hallim,CB_3,DIP_b_adj,3.000,0.875,0.483,0.322
Jeju,Hallim,CB_3,DO_b_adj,3.000,-0.214,-0.786,0.863
Jeju,Hallim,CB_3,NH3-N_b_adj,3.000,-0.776,-0.297,0.435
Jeju,Hallim,CB_3,NO2-_b_adj,3.000,0.961,1.679,0.179
Jeju,Hallim,CB_3,NO3-_b_adj,3.000,-0.003,-0.000,0.998
Jeju,Hallim,CB_3,SAS_b_adj,3.000,-0.470,-0.082,0.689
Jeju,Hallim,CB_3,SS_b_adj,3.000,0.771,0.061,0.439
Jeju,Hallim,CB_3,TN_b_adj,3.000,-0.734,-0.016,0.476
Jeju,Hallim,CB_3,TP_b_adj,3.000,0.635,0.263,0.562
Jeju,Hallim,CB_3,pH_b_adj,3.000,-0.214,-1.582,0.863
Jeju,Hallim,CB_3,salinity_b_adj,3.000,0.506,3.023,0.662
Jeju,Hallim,CB_3,temp_b_adj,3.000,0.280,0.237,0.819
Jeju,Jeju,CB_1,COD_b_adj,4.000,0.939,53.531,0.061
Jeju,Jeju,CB_1,Chla_b_adj,4.000,-0.615,-47.440,0.385
Jeju,Jeju,CB_1,DIN_b_adj,4.000,-0.886,-0.922,0.114
Jeju,Jeju,CB_1,DIP_b_adj,4.000,-0.854,-17.750,0.146
Jeju,Jeju,CB_1,DO_b_adj,4.000,0.955,44.234,0.045
Jeju,Jeju,CB_1,NH3-N_b_adj,4.000,-0.561,-1.738,0.439
Jeju,Jeju,CB_1,NO2-_b_adj,4.000,-0.852,-26.920,0.148
Jeju,Jeju,CB_1,NO3-_b_adj,4.000,-0.918,-1.319,0.082
Jeju,Jeju,CB_1,SAS_b_adj,4.000,-0.409,-0.208,0.591
Jeju,Jeju,CB_1,SS_b_adj,4.000,-0.500,-1.214,0.500
Jeju,Jeju,CB_1,TN_b_adj,4.000,-0.478,-0.446,0.522
Jeju,Jeju,CB_1,TP_b_adj,4.000,-0.342,-6.436,0.658
Jeju,Jeju,CB_1,pH_b_adj,4.000,0.093,21.123,0.907
Jeju,Jeju,CB_1,salinity_b_adj,4.000,-0.291,-51.555,0.709
Jeju,Jeju,CB_1,temp_b_adj,4.000,0.742,20.011,0.258
Jeju,Jeju,CB_2,COD_b_adj,4.000,0.942,17.294,0.058
Jeju,Jeju,CB_2,Chla_b_adj,4.000,-0.625,-15.535,0.375
Jeju,Jeju,CB_2,DIN_b_adj,4.000,-0.889,-0.298,0.111
Jeju,Jeju,CB_2,DIP_b_adj,4.000,-0.847,-5.669,0.153
Jeju,Jeju,CB_2,DO_b_adj,4.000,0.954,14.232,0.046
Jeju,Jeju,CB_2,NH3-N_b_adj,4.000,-0.566,-0.565,0.434
Jeju,Jeju,CB_2,NO2-_b_adj,4.000,-0.847,-8.613,0.153
Jeju,Jeju,CB_2,NO3-_b_adj,4.000,-0.916,-0.424,0.084
Jeju,Jeju,CB_2,SAS_b_adj,4.000,-0.405,-0.066,0.595
Jeju,Jeju,CB_2,SS_b_adj,4.000,-0.494,-0.387,0.506
Jeju,Jeju,CB_2,TN_b_adj,4.000,-0.486,-0.146,0.514
Jeju,Jeju,CB_2,TP_b_adj,4.000,-0.331,-2.005,0.669
Jeju,Jeju,CB_2,pH_b_adj,4.000,0.080,5.873,0.920
Jeju,Jeju,CB_2,salinity_b_adj,4.000,-0.296,-16.908,0.704
Jeju,Jeju,CB_2,temp_b_adj,4.000,0.747,6.489,0.253
Jeju,Jeju,CB_3,COD_b_adj,4.000,0.789,5.986,0.211
Jeju,Jeju,CB_3,Chla_b_adj,4.000,-0.411,-4.222,0.589
Jeju,Jeju,CB_3,DIN_b_adj,4.000,-0.719,-0.100,0.281
Jeju,Jeju,CB_3,DIP_b_adj,4.000,-0.935,-2.587,0.065
Jeju,Jeju,CB_3,DO_b_adj,4.000,0.970,5.983,0.030
Jeju,Jeju,CB_3,NH3-N_b_adj,4.000,-0.315,-0.130,0.685
Jeju,Jeju,CB_3,NO2-_b_adj,4.000,-0.972,-4.086,0.028
Jeju,Jeju,CB_3,NO3-_b_adj,4.000,-0.829,-0.159,0.171
Jeju,Jeju,CB_3,SAS_b_adj,4.000,-0.332,-0.022,0.668
Jeju,Jeju,CB_3,SS_b_adj,4.000,-0.705,-0.228,0.295
Jeju,Jeju,CB_3,TN_b_adj,4.000,-0.186,-0.023,0.814
Jeju,Jeju,CB_3,TP_b_adj,4.000,-0.618,-1.550,0.382
Jeju,Jeju,CB_3,pH_b_adj,4.000,0.393,11.858,0.607
Jeju,Jeju,CB_3,salinity_b_adj,4.000,-0.315,-7.436,0.685
Jeju,Jeju,CB_3,temp_b_adj,4.000,0.512,1.839,0.488
South,Geoje,CB_1,COD_b_adj,5.000,0.666,3.126,0.219
South,Geoje,CB_1,Chla_b_adj,5.000,-0.184,-0.572,0.767
South,Geoje,CB_1,DIN_b_adj,5.000,0.059,0.009,0.924
South,Geoje,CB_1,DIP_b_adj,5.000,0.347,0.261,0.567
South,Geoje,CB_1,DO_b_adj,5.000,0.037,0.107,0.953
South,Geoje,CB_1,NH3-N_b_adj,5.000,0.311,0.185,0.610
South,Geoje,CB_1,NO2-_b_adj,5.000,0.017,0.026,0.978
South,Geoje,CB_1,NO3-_b_adj,5.000,0.118,0.019,0.850
South,Geoje,CB_1,SAS_b_adj,5.000,-0.539,-0.023,0.349
South,Geoje,CB_1,SS_b_adj,5.000,0.276,0.116,0.653
South,Geoje,CB_1,TN_b_adj,5.000,-0.809,-0.025,0.097
South,Geoje,CB_1,TP_b_adj,5.000,0.547,0.204,0.340
South,Geoje,CB_1,pH_b_adj,5.000,-0.516,-21.928,0.374
South,Geoje,CB_1,salinity_b_adj,5.000,0.305,1.276,0.617
South,Geoje,CB_1,temp_b_adj,5.000,0.026,0.043,0.967
South,Geoje,CB_2,COD_b_adj,5.000,-0.682,-1.554,0.205
South,Geoje,CB_2,Chla_b_adj,5.000,0.432,0.653,0.467
South,Geoje,CB_2,DIN_b_adj,5.000,0.194,0.014,0.754
South,Geoje,CB_2,DIP_b_adj,5.000,-0.356,-0.130,0.556
South,Geoje,CB_2,DO_b_adj,5.000,-0.072,-0.102,0.908
South,Geoje,CB_2,NH3-N_b_adj,5.000,-0.092,-0.027,0.883
South,Geoje,CB_2,NO2-_b_adj,5.000,0.374,0.272,0.535
South,Geoje,CB_2,NO3-_b_adj,5.000,0.020,0.002,0.974
South,Geoje,CB_2,SAS_b_adj,5.000,0.414,0.009,0.489
South,Geoje,CB_2,SS_b_adj,5.000,-0.068,-0.014,0.914
South,Geoje,CB_2,TN_b_adj,5.000,0.989,0.015,0.001
South,Geoje,CB_2,TP_b_adj,5.000,-0.569,-0.103,0.316
South,Geoje,CB_2,pH_b_adj,5.000,0.033,0.678,0.958
South,Geoje,CB_2,salinity_b_adj,5.000,-0.668,-1.356,0.218
South,Geoje,CB_2,temp_b_adj,5.000,0.107,0.084,0.865
South,Geoje,CB_3,COD_b_adj,5.000,-0.709,-1.664,0.180
South,Geoje,CB_3,Chla_b_adj,5.000,0.405,0.630,0.499
South,Geoje,CB_3,DIN_b_adj,5.000,0.034,0.002,0.957
South,Geoje,CB_3,DIP_b_adj,5.000,-0.434,-0.163,0.465
South,Geoje,CB_3,DO_b_adj,5.000,0.018,0.026,0.977
South,Geoje,CB_3,NH3-N_b_adj,5.000,-0.235,-0.070,0.703
South,Geoje,CB_3,NO2-_b_adj,5.000,0.214,0.160,0.730
South,Geoje,CB_3,NO3-_b_adj,5.000,-0.106,-0.008,0.865
South,Geoje,CB_3,SAS_b_adj,5.000,0.407,0.009,0.496
South,Geoje,CB_3,SS_b_adj,5.000,-0.206,-0.043,0.739
South,Geoje,CB_3,TN_b_adj,5.000,0.948,0.015,0.014
South,Geoje,CB_3,TP_b_adj,5.000,-0.596,-0.111,0.288
South,Geoje,CB_3,pH_b_adj,5.000,0.200,4.247,0.747
South,Geoje,CB_3,salinity_b_adj,5.000,-0.572,-1.195,0.314
South,Geoje,CB_3,temp_b_adj,5.000,0.077,0.062,0.902
South,Gosung,CB_1,COD_b_adj,5.000,0.467,0.573,0.428
South,Gosung,CB_1,Chla_b_adj,5.000,-0.748,-1.136,0.146
South,Gosung,CB_1,DIN_b_adj,5.000,-0.872,-0.019,0.054
South,Gosung,CB_1,DIP_b_adj,5.000,-0.207,-0.040,0.738
South,Gosung,CB_1,DO_b_adj,5.000,0.011,0.021,0.986
South,Gosung,CB_1,NH3-N_b_adj,5.000,-0.912,-0.052,0.031
South,Gosung,CB_1,NO2-_b_adj,5.000,-0.966,-0.413,0.007
South,Gosung,CB_1,NO3-_b_adj,5.000,-0.786,-0.030,0.115
South,Gosung,CB_1,SAS_b_adj,5.000,0.571,0.002,0.315
South,Gosung,CB_1,SS_b_adj,5.000,-0.677,-0.139,0.210
South,Gosung,CB_1,TN_b_adj,5.000,-0.492,-0.005,0.399
South,Gosung,CB_1,TP_b_adj,5.000,0.356,0.053,0.557
South,Gosung,CB_1,pH_b_adj,5.000,-0.897,-8.104,0.039
South,Gosung,CB_1,salinity_b_adj,5.000,0.053,0.079,0.932
South,Gosung,CB_1,temp_b_adj,5.000,-0.540,-0.347,0.348
South,Gosung,CB_2,COD_b_adj,5.000,-0.176,-0.025,0.777
South,Gosung,CB_2,Chla_b_adj,5.000,-0.114,-0.020,0.855
South,Gosung,CB_2,DIN_b_adj,5.000,-0.298,-0.001,0.627
South,Gosung,CB_2,DIP_b_adj,5.000,0.474,0.011,0.420
South,Gosung,CB_2,DO_b_adj,5.000,0.049,0.011,0.938
South,Gosung,CB_2,NH3-N_b_adj,5.000,-0.329,-0.002,0.589
South,Gosung,CB_2,NO2-_b_adj,5.000,-0.667,-0.033,0.219
South,Gosung,CB_2,NO3-_b_adj,5.000,-0.178,-0.001,0.774
South,Gosung,CB_2,SAS_b_adj,5.000,0.880,0.000,0.049
South,Gosung,CB_2,SS_b_adj,5.000,-0.322,-0.008,0.597
South,Gosung,CB_2,TN_b_adj,5.000,0.017,0.000,0.979
South,Gosung,CB_2,TP_b_adj,5.000,0.161,0.003,0.796
South,Gosung,CB_2,pH_b_adj,5.000,-0.852,-0.896,0.067
South,Gosung,CB_2,salinity_b_adj,5.000,-0.612,-0.105,0.273
South,Gosung,CB_2,temp_b_adj,5.000,-0.570,-0.043,0.315
South,Gosung,CB_3,COD_b_adj,5.000,-0.114,-0.008,0.855
South,Gosung,CB_3,Chla_b_adj,5.000,0.043,0.004,0.946
South,Gosung,CB_3,DIN_b_adj,5.000,-0.414,-0.001,0.488
South,Gosung,CB_3,DIP_b_adj,5.000,0.635,0.007,0.250
South,Gosung,CB_3,DO_b_adj,5.000,-0.030,-0.003,0.962
South,Gosung,CB_3,NH3-N_b_adj,5.000,-0.398,-0.001,0.507
South,Gosung,CB_3,NO2-_b_adj,5.000,-0.547,-0.013,0.340
South,Gosung,CB_3,NO3-_b_adj,5.000,-0.327,-0.001,0.591
South,Gosung,CB_3,SAS_b_adj,5.000,0.889,0.000,0.044
South,Gosung,CB_3,SS_b_adj,5.000,-0.314,-0.004,0.607
South,Gosung,CB_3,TN_b_adj,5.000,-0.240,-0.000,0.698
South,Gosung,CB_3,TP_b_adj,5.000,0.391,0.003,0.515
South,Gosung,CB_3,pH_b_adj,5.000,-0.786,-0.405,0.115
South,Gosung,CB_3,salinity_b_adj,5.000,-0.625,-0.052,0.260
South,Gosung,CB_3,temp_b_adj,5.000,-0.328,-0.012,0.590
South,Tongyoung,CB_1,COD_b_adj,5.000,0.582,2.434,0.304
South,Tongyoung,CB_1,Chla_b_adj,5.000,-0.701,-1.606,0.188
South,Tongyoung,CB_1,DIN_b_adj,5.000,0.325,0.031,0.593
South,Tongyoung,CB_1,DIP_b_adj,5.000,0.686,0.809,0.201
South,Tongyoung,CB_1,DO_b_adj,5.000,-0.198,-1.397,0.749
South,Tongyoung,CB_1,NH3-N_b_adj,5.000,-0.798,-0.613,0.106
South,Tongyoung,CB_1,NO2-_b_adj,5.000,0.009,0.007,0.989
South,Tongyoung,CB_1,NO3-_b_adj,5.000,0.428,0.042,0.472
South,Tongyoung,CB_1,SAS_b_adj,5.000,-0.213,-0.005,0.730
South,Tongyoung,CB_1,SS_b_adj,5.000,-0.527,-0.377,0.362
South,Tongyoung,CB_1,TN_b_adj,5.000,-0.585,-0.016,0.300
South,Tongyoung,CB_1,TP_b_adj,5.000,-0.309,-0.122,0.613
South,Tongyoung,CB_1,pH_b_adj,5.000,-0.661,-19.784,0.224
South,Tongyoung,CB_1,salinity_b_adj,5.000,-0.029,-0.274,0.963
South,Tongyoung,CB_1,temp_b_adj,5.000,0.476,1.012,0.417
South,Tongyoung,CB_2,COD_b_adj,5.000,-0.669,-0.526,0.217
South,Tongyoung,CB_2,Chla_b_adj,5.000,0.210,0.091,0.734
South,Tongyoung,CB_2,DIN_b_adj,5.000,0.516,0.009,0.373
South,Tongyoung,CB_2,DIP_b_adj,5.000,0.223,0.049,0.719
South,Tongyoung,CB_2,DO_b_adj,5.000,-0.439,-0.581,0.460
South,Tongyoung,CB_2,NH3-N_b_adj,5.000,0.703,0.102,0.185
South,Tongyoung,CB_2,NO2-_b_adj,5.000,0.673,0.093,0.213
South,Tongyoung,CB_2,NO3-_b_adj,5.000,0.427,0.008,0.474
South,Tongyoung,CB_2,SAS_b_adj,5.000,0.975,0.004,0.005
South,Tongyoung,CB_2,SS_b_adj,5.000,0.881,0.119,0.048
South,Tongyoung,CB_2,TN_b_adj,5.000,0.346,0.002,0.568
South,Tongyoung,CB_2,TP_b_adj,5.000,-0.346,-0.026,0.569
South,Tongyoung,CB_2,pH_b_adj,5.000,-0.292,-1.643,0.633
South,Tongyoung,CB_2,salinity_b_adj,5.000,-0.396,-0.700,0.509
South,Tongyoung,CB_2,temp_b_adj,5.000,0.032,0.013,0.959
South,Tongyoung,CB_3,COD_b_adj,5.000,-0.701,-1.313,0.187
South,Tongyoung,CB_3,Chla_b_adj,5.000,0.871,0.894,0.055
South,Tongyoung,CB_3,DIN_b_adj,5.000,0.436,0.019,0.464
South,Tongyoung,CB_3,DIP_b_adj,5.000,-0.320,-0.169,0.599
South,Tongyoung,CB_3,DO_b_adj,5.000,0.345,1.089,0.569
South,Tongyoung,CB_3,NH3-N_b_adj,5.000,0.843,0.290,0.073
South,Tongyoung,CB_3,NO2-_b_adj,5.000,0.386,0.128,0.521
South,Tongyoung,CB_3,NO3-_b_adj,5.000,0.375,0.016,0.534
South,Tongyoung,CB_3,SAS_b_adj,5.000,0.432,0.005,0.467
South,Tongyoung,CB_3,SS_b_adj,5.000,0.679,0.218,0.208
South,Tongyoung,CB_3,TN_b_adj,5.000,0.971,0.012,0.006
South,Tongyoung,CB_3,TP_b_adj,5.000,0.157,0.028,0.801
South,Tongyoung,CB_3,pH_b_adj,5.000,-0.019,-0.249,0.976
South,Tongyoung,CB_3,salinity_b_adj,5.000,-0.772,-3.253,0.126
South,Tongyoung,CB_3,temp_b_adj,5.000,-0.424,-0.403,0.477
South,Yeosu,CB_1,COD_b_adj,4.000,0.194,2.462,0.806
South,Yeosu,CB_1,Chla_b_adj,4.000,0.656,1.738,0.344
South,Yeosu,CB_1,DIN_b_adj,4.000,0.166,0.018,0.834
South,Yeosu,CB_1,DIP_b_adj,4.000,0.541,0.392,0.459
South,Yeosu,CB_1,DO_b_adj,4.000,-0.188,-1.608,0.812
South,Yeosu,CB_1,NH3-N_b_adj,4.000,0.024,0.008,0.976
South,Yeosu,CB_1,NO2-_b_adj,4.000,0.752,1.401,0.248
South,Yeosu,CB_1,NO3-_b_adj,4.000,0.419,0.051,0.581
South,Yeosu,CB_1,SAS_b_adj,4.000,0.158,0.005,0.842
South,Yeosu,CB_1,SS_b_adj,4.000,0.249,0.241,0.751
South,Yeosu,CB_1,TN_b_adj,4.000,0.366,0.042,0.634
South,Yeosu,CB_1,TP_b_adj,4.000,0.925,0.571,0.075
South,Yeosu,CB_1,pH_b_adj,4.000,-0.757,-23.463,0.243
South,Yeosu,CB_1,salinity_b_adj,4.000,-0.255,-3.514,0.745
South,Yeosu,CB_1,temp_b_adj,4.000,-0.597,-1.234,0.403
South,Yeosu,CB_2,COD_b_adj,4.000,-0.297,-0.985,0.703
South,Yeosu,CB_2,Chla_b_adj,4.000,0.796,0.551,0.204
South,Yeosu,CB_2,DIN_b_adj,4.000,0.770,0.022,0.230
South,Yeosu,CB_2,DIP_b_adj,4.000,0.925,0.175,0.075
South,Yeosu,CB_2,DO_b_adj,4.000,-0.570,-1.273,0.430
South,Yeosu,CB_2,NH3-N_b_adj,4.000,0.722,0.067,0.278
South,Yeosu,CB_2,NO2-_b_adj,4.000,0.992,0.483,0.008
South,Yeosu,CB_2,NO3-_b_adj,4.000,0.780,0.025,0.220
South,Yeosu,CB_2,SAS_b_adj,4.000,0.812,0.006,0.188
South,Yeosu,CB_2,SS_b_adj,4.000,0.766,0.194,0.234
South,Yeosu,CB_2,TN_b_adj,4.000,0.714,0.021,0.286
South,Yeosu,CB_2,TP_b_adj,4.000,0.889,0.143,0.111
South,Yeosu,CB_2,pH_b_adj,4.000,-0.883,-7.159,0.117
South,Yeosu,CB_2,salinity_b_adj,4.000,-0.293,-1.055,0.707
South,Yeosu,CB_2,temp_b_adj,4.000,-0.075,-0.040,0.925
South,Yeosu,CB_3,COD_b_adj,4.000,-0.225,-0.366,0.775
South,Yeosu,CB_3,Chla_b_adj,4.000,0.908,0.308,0.092
South,Yeosu,CB_3,DIN_b_adj,4.000,0.282,0.004,0.718
South,Yeosu,CB_3,DIP_b_adj,4.000,0.592,0.055,0.408
South,Yeosu,CB_3,DO_b_adj,4.000,-0.101,-0.110,0.899
South,Yeosu,CB_3,NH3-N_b_adj,4.000,0.348,0.016,0.652
South,Yeosu,CB_3,NO2-_b_adj,4.000,0.891,0.212,0.109
South,Yeosu,CB_3,NO3-_b_adj,4.000,0.382,0.006,0.618
South,Yeosu,CB_3,SAS_b_adj,4.000,0.365,0.001,0.635
South,Yeosu,CB_3,SS_b_adj,4.000,0.294,0.036,0.706
South,Yeosu,CB_3,TN_b_adj,4.000,0.299,0.004,0.701
South,Yeosu,CB_3,TP_b_adj,4.000,0.886,0.070,0.114
South,Yeosu,CB_3,pH_b_adj,4.000,-0.695,-2.756,0.305
South,Yeosu,CB_3,salinity_b_adj,4.000,-0.570,-1.005,0.430
South,Yeosu,CB_3,temp_b_adj,4.000,-0.217,-0.057,0.783
